[2026-09-11 02:58:10] local.ERROR: file_put_contents(D:\Spencer\Downloads\tara-admin\storage\framework/sessions/L3GhBhhZaYLRjpcKTLcfcc3rPdSjtRn7L0lAZSqL): Failed to open stream: No such file or directory {"exception":"[object] (ErrorException(code: 0): file_put_contents(D:\\Spencer\\Downloads\\tara-admin\\storage\\framework/sessions/L3GhBhhZaYLRjpcKTLcfcc3rPdSjtRn7L0lAZSqL): Failed to open stream: No such file or directory at D:/Spencer/Downloads/tara-admin/vendor/laravel/framework/src/Illuminate/Filesystem/Filesystem.php:204)
[stacktrace]
#0 D:/Spencer/Downloads/tara-admin/vendor/laravel/framework/src/Illuminate/Foundation/Bootstrap/HandleExceptions.php(263): Illuminate/Foundation/Bootstrap/HandleExceptions->handleError()
#1 [internal function]: Illuminate/Foundation/Bootstrap/HandleExceptions->{closure:Illuminate/Foundation/Bootstrap/HandleExceptions::forwardsTo():262}()
#2 D:/Spencer/Downloads/tara-admin/vendor/laravel/framework/src/Illuminate/Filesystem/Filesystem.php(204): file_put_contents()
#3 D:/Spencer/Downloads/tara-admin/vendor/laravel/framework/src/Illuminate/Session/FileSessionHandler.php(89): Illuminate/Filesystem/Filesystem->put()
#4 D:/Spencer/Downloads/tara-admin/vendor/laravel/framework/src/Illuminate/Session/Store.php(187): Illuminate/Session/FileSessionHandler->write()
#5 D:/Spencer/Downloads/tara-admin/vendor/laravel/framework/src/Illuminate/Session/Middleware/StartSession.php(248): Illuminate/Session/Store->save()
#6 D:/Spencer/Downloads/tara-admin/vendor/laravel/framework/src/Illuminate/Session/Middleware/StartSession.php(129): Illuminate/Session/Middleware/StartSession->saveSession()
#7 D:/Spencer/Downloads/tara-admin/vendor/laravel/framework/src/Illuminate/Session/Middleware/StartSession.php(63): Illuminate/Session/Middleware/StartSession->handleStatefulRequest()
#8 D:/Spencer/Downloads/tara-admin/vendor/laravel/framework/src/Illuminate/Pipeline/Pipeline.php(219): Illuminate/Session/Middleware/StartSession->handle()
#9 D:/Spencer/Downloads/tara-admin/vendor/laravel/framework/src/Illuminate/Cookie/Middleware/AddQueuedCookiesToResponse.php(36): Illuminate/Pipeline/Pipeline->{closure:{closure:Illuminate/Pipeline/Pipeline::carry():194}:195}()
#10 D:/Spencer/Downloads/tara-admin/vendor/laravel/framework/src/Illuminate/Pipeline/Pipeline.php(219): Illuminate/Cookie/Middleware/AddQueuedCookiesToResponse->handle()
#11 D:/Spencer/Downloads/tara-admin/vendor/laravel/framework/src/Illuminate/Cookie/Middleware/EncryptCookies.php(74): Illuminate/Pipeline/Pipeline->{closure:{closure:Illuminate/Pipeline/Pipeline::carry():194}:195}()
#12 D:/Spencer/Downloads/tara-admin/vendor/laravel/framework/src/Illuminate/Pipeline/Pipeline.php(219): Illuminate/Cookie/Middleware/EncryptCookies->handle()
#13 D:/Spencer/Downloads/tara-admin/vendor/laravel/framework/src/Illuminate/Pipeline/Pipeline.php(137): Illuminate/Pipeline/Pipeline->{closure:{closure:Illuminate/Pipeline/Pipeline::carry():194}:195}()
#14 D:/Spencer/Downloads/tara-admin/vendor/laravel/framework/src/Illuminate/Routing/Router.php(821): Illuminate/Pipeline/Pipeline->then()
#15 D:/Spencer/Downloads/tara-admin/vendor/laravel/framework/src/Illuminate/Routing/Router.php(800): Illuminate/Routing/Router->runRouteWithinStack()
#16 D:/Spencer/Downloads/tara-admin/vendor/laravel/framework/src/Illuminate/Routing/Router.php(764): Illuminate/Routing/Router->runRoute()
#17 D:/Spencer/Downloads/tara-admin/vendor/laravel/framework/src/Illuminate/Routing/Router.php(753): Illuminate/Routing/Router->dispatchToRoute()
#18 D:/Spencer/Downloads/tara-admin/vendor/laravel/framework/src/Illuminate/Foundation/Http/Kernel.php(200): Illuminate/Routing/Router->dispatch()
#19 D:/Spencer/Downloads/tara-admin/vendor/laravel/framework/src/Illuminate/Pipeline/Pipeline.php(180): Illuminate/Foundation/Http/Kernel->{closure:Illuminate/Foundation/Http/Kernel::dispatchToRouter():197}()
#20 D:/Spencer/Downloads/tara-admin/vendor/laravel/framework/src/Illuminate/Foundation/Http/Middleware/TransformsRequest.php(21): Illuminate/Pipeline/Pipeline->{closure:Illuminate/Pipeline/Pipeline::prepareDestination():178}()
#21 D:/Spencer/Downloads/tara-admin/vendor/laravel/framework/src/Illuminate/Foundation/Http/Middleware/ConvertEmptyStringsToNull.php(31): Illuminate/Foundation/Http/Middleware/TransformsRequest->handle()
#22 D:/Spencer/Downloads/tara-admin/vendor/laravel/framework/src/Illuminate/Pipeline/Pipeline.php(219): Illuminate/Foundation/Http/Middleware/ConvertEmptyStringsToNull->handle()
#23 D:/Spencer/Downloads/tara-admin/vendor/laravel/framework/src/Illuminate/Foundation/Http/Middleware/TransformsRequest.php(21): Illuminate/Pipeline/Pipeline->{closure:{closure:Illuminate/Pipeline/Pipeline::carry():194}:195}()
#24 D:/Spencer/Downloads/tara-admin/vendor/laravel/framework/src/Illuminate/Foundation/Http/Middleware/TrimStrings.php(51): Illuminate/Foundation/Http/Middleware/TransformsRequest->handle()
#25 D:/Spencer/Downloads/tara-admin/vendor/laravel/framework/src/Illuminate/Pipeline/Pipeline.php(219): Illuminate/Foundation/Http/Middleware/TrimStrings->handle()
#26 D:/Spencer/Downloads/tara-admin/vendor/laravel/framework/src/Illuminate/Http/Middleware/ValidatePostSize.php(27): Illuminate/Pipeline/Pipeline->{closure:{closure:Illuminate/Pipeline/Pipeline::carry():194}:195}()
#27 D:/Spencer/Downloads/tara-admin/vendor/laravel/framework/src/Illuminate/Pipeline/Pipeline.php(219): Illuminate/Http/Middleware/ValidatePostSize->handle()
#28 D:/Spencer/Downloads/tara-admin/vendor/laravel/framework/src/Illuminate/Foundation/Http/Middleware/PreventRequestsDuringMaintenance.php(110): Illuminate/Pipeline/Pipeline->{closure:{closure:Illuminate/Pipeline/Pipeline::carry():194}:195}()
#29 D:/Spencer/Downloads/tara-admin/vendor/laravel/framework/src/Illuminate/Pipeline/Pipeline.php(219): Illuminate/Foundation/Http/Middleware/PreventRequestsDuringMaintenance->handle()
#30 D:/Spencer/Downloads/tara-admin/vendor/laravel/framework/src/Illuminate/Http/Middleware/HandleCors.php(61): Illuminate/Pipeline/Pipeline->{closure:{closure:Illuminate/Pipeline/Pipeline::carry():194}:195}()
#31 D:/Spencer/Downloads/tara-admin/vendor/laravel/framework/src/Illuminate/Pipeline/Pipeline.php(219): Illuminate/Http/Middleware/HandleCors->handle()
#32 D:/Spencer/Downloads/tara-admin/vendor/laravel/framework/src/Illuminate/Http/Middleware/TrustProxies.php(58): Illuminate/Pipeline/Pipeline->{closure:{closure:Illuminate/Pipeline/Pipeline::carry():194}:195}()
#33 D:/Spencer/Downloads/tara-admin/vendor/laravel/framework/src/Illuminate/Pipeline/Pipeline.php(219): Illuminate/Http/Middleware/TrustProxies->handle()
#34 D:/Spencer/Downloads/tara-admin/vendor/laravel/framework/src/Illuminate/Foundation/Http/Middleware/InvokeDeferredCallbacks.php(22): Illuminate/Pipeline/Pipeline->{closure:{closure:Illuminate/Pipeline/Pipeline::carry():194}:195}()
#35 D:/Spencer/Downloads/tara-admin/vendor/laravel/framework/src/Illuminate/Pipeline/Pipeline.php(219): Illuminate/Foundation/Http/Middleware/InvokeDeferredCallbacks->handle()
#36 D:/Spencer/Downloads/tara-admin/vendor/laravel/framework/src/Illuminate/Http/Middleware/ValidatePathEncoding.php(28): Illuminate/Pipeline/Pipeline->{closure:{closure:Illuminate/Pipeline/Pipeline::carry():194}:195}()
#37 D:/Spencer/Downloads/tara-admin/vendor/laravel/framework/src/Illuminate/Pipeline/Pipeline.php(219): Illuminate/Http/Middleware/ValidatePathEncoding->handle()
#38 D:/Spencer/Downloads/tara-admin/vendor/laravel/framework/src/Illuminate/Pipeline/Pipeline.php(137): Illuminate/Pipeline/Pipeline->{closure:{closure:Illuminate/Pipeline/Pipeline::carry():194}:195}()
#39 D:/Spencer/Downloads/tara-admin/vendor/laravel/framework/src/Illuminate/Foundation/Http/Kernel.php(175): Illuminate/Pipeline/Pipeline->then()
#40 D:/Spencer/Downloads/tara-admin/vendor/laravel/framework/src/Illuminate/Foundation/Http/Kernel.php(144): Illuminate/Foundation/Http/Kernel->sendRequestThroughRouter()
#41 D:/Spencer/Downloads/tara-admin/vendor/laravel/framework/src/Illuminate/Foundation/Application.php(1227): Illuminate/Foundation/Http/Kernel->handle()
#42 D:/Spencer/Downloads/tara-admin/public/index.php(20): Illuminate/Foundation/Application->handleRequest()
#43 D:/Spencer/Downloads/tara-admin/vendor/laravel/framework/src/Illuminate/Foundation/resources/server.php(23): require_once('...')
#44 {main}
"} 
[2026-09-11 04:46:26] local.ERROR: Database connection [pgsql] sets 'pooled' => true without a 'direct' endpoint; migrations and DDL will still traverse the transaction pooler. {"exception":"[object] (ErrorException(code: 0): Database connection [pgsql] sets 'pooled' => true without a 'direct' endpoint; migrations and DDL will still traverse the transaction pooler. at D:/Spencer/Downloads/tara-admin/vendor/laravel/framework/src/Illuminate/Database/Connectors/Concerns/ConfiguresPooledConnections.php:70)
[stacktrace]
#0 D:/Spencer/Downloads/tara-admin/vendor/laravel/framework/src/Illuminate/Foundation/Bootstrap/HandleExceptions.php(263): Illuminate/Foundation/Bootstrap/HandleExceptions->handleError()
#1 [internal function]: Illuminate/Foundation/Bootstrap/HandleExceptions->{closure:Illuminate/Foundation/Bootstrap/HandleExceptions::forwardsTo():262}()
#2 D:/Spencer/Downloads/tara-admin/vendor/laravel/framework/src/Illuminate/Database/Connectors/Concerns/ConfiguresPooledConnections.php(70): trigger_error()
#3 D:/Spencer/Downloads/tara-admin/vendor/laravel/framework/src/Illuminate/Database/Connectors/ConnectionFactory.php(50): Illuminate/Database/Connectors/ConnectionFactory->ensurePooledPostgresIsProperlyConfigured()
#4 D:/Spencer/Downloads/tara-admin/vendor/laravel/framework/src/Illuminate/Database/DatabaseManager.php(208): Illuminate/Database/Connectors/ConnectionFactory->make()
#5 D:/Spencer/Downloads/tara-admin/vendor/laravel/framework/src/Illuminate/Database/DatabaseManager.php(103): Illuminate/Database/DatabaseManager->makeConnection()
#6 D:/Spencer/Downloads/tara-admin/vendor/laravel/framework/src/Illuminate/Database/Eloquent/Model.php(2235): Illuminate/Database/DatabaseManager->connection()
#7 D:/Spencer/Downloads/tara-admin/vendor/laravel/framework/src/Illuminate/Database/Eloquent/Model.php(2201): Illuminate/Database/Eloquent/Model::resolveConnection()
#8 D:/Spencer/Downloads/tara-admin/vendor/laravel/framework/src/Illuminate/Database/Eloquent/Model.php(1964): Illuminate/Database/Eloquent/Model->getConnection()
#9 D:/Spencer/Downloads/tara-admin/vendor/laravel/framework/src/Illuminate/Database/Eloquent/Model.php(1862): Illuminate/Database/Eloquent/Model->newBaseQueryBuilder()
#10 D:/Spencer/Downloads/tara-admin/vendor/laravel/framework/src/Illuminate/Database/Eloquent/Model.php(1898): Illuminate/Database/Eloquent/Model->newModelQuery()
#11 D:/Spencer/Downloads/tara-admin/vendor/laravel/framework/src/Illuminate/Database/Eloquent/Model.php(1851): Illuminate/Database/Eloquent/Model->newQueryWithoutScopes()
#12 D:/Spencer/Downloads/tara-admin/vendor/laravel/framework/src/Illuminate/Auth/EloquentUserProvider.php(191): Illuminate/Database/Eloquent/Model->newQuery()
#13 D:/Spencer/Downloads/tara-admin/vendor/laravel/framework/src/Illuminate/Auth/EloquentUserProvider.php(126): Illuminate/Auth/EloquentUserProvider->newModelQuery()
#14 D:/Spencer/Downloads/tara-admin/vendor/laravel/framework/src/Illuminate/Auth/SessionGuard.php(424): Illuminate/Auth/EloquentUserProvider->retrieveByCredentials()
#15 D:/Spencer/Downloads/tara-admin/vendor/laravel/framework/src/Illuminate/Support/Timebox.php(34): Illuminate/Auth/SessionGuard->{closure:Illuminate/Auth/SessionGuard::attempt():421}()
#16 D:/Spencer/Downloads/tara-admin/vendor/laravel/framework/src/Illuminate/Auth/SessionGuard.php(421): Illuminate/Support/Timebox->call()
#17 D:/Spencer/Downloads/tara-admin/app/Http/Controllers/Admin/AuthController.php(24): Illuminate/Auth/SessionGuard->attempt()
#18 D:/Spencer/Downloads/tara-admin/vendor/laravel/framework/src/Illuminate/Routing/ControllerDispatcher.php(46): App/Http/Controllers/Admin/AuthController->login()
#19 D:/Spencer/Downloads/tara-admin/vendor/laravel/framework/src/Illuminate/Routing/Route.php(276): Illuminate/Routing/ControllerDispatcher->dispatch()
#20 D:/Spencer/Downloads/tara-admin/vendor/laravel/framework/src/Illuminate/Routing/Route.php(216): Illuminate/Routing/Route->runController()
#21 D:/Spencer/Downloads/tara-admin/vendor/laravel/framework/src/Illuminate/Routing/Router.php(822): Illuminate/Routing/Route->run()
#22 D:/Spencer/Downloads/tara-admin/vendor/laravel/framework/src/Illuminate/Pipeline/Pipeline.php(180): Illuminate/Routing/Router->{closure:Illuminate/Routing/Router::runRouteWithinStack():821}()
#23 D:/Spencer/Downloads/tara-admin/app/Http/Middleware/RedirectIfAdminAuthenticated.php(25): Illuminate/Pipeline/Pipeline->{closure:Illuminate/Pipeline/Pipeline::prepareDestination():178}()
#24 D:/Spencer/Downloads/tara-admin/vendor/laravel/framework/src/Illuminate/Pipeline/Pipeline.php(219): App/Http/Middleware/RedirectIfAdminAuthenticated->handle()
#25 D:/Spencer/Downloads/tara-admin/vendor/laravel/framework/src/Illuminate/Routing/Middleware/SubstituteBindings.php(52): Illuminate/Pipeline/Pipeline->{closure:{closure:Illuminate/Pipeline/Pipeline::carry():194}:195}()
#26 D:/Spencer/Downloads/tara-admin/vendor/laravel/framework/src/Illuminate/Pipeline/Pipeline.php(219): Illuminate/Routing/Middleware/SubstituteBindings->handle()
#27 D:/Spencer/Downloads/tara-admin/vendor/laravel/framework/src/Illuminate/Foundation/Http/Middleware/PreventRequestForgery.php(104): Illuminate/Pipeline/Pipeline->{closure:{closure:Illuminate/Pipeline/Pipeline::carry():194}:195}()
#28 D:/Spencer/Downloads/tara-admin/vendor/laravel/framework/src/Illuminate/Pipeline/Pipeline.php(219): Illuminate/Foundation/Http/Middleware/PreventRequestForgery->handle()
#29 D:/Spencer/Downloads/tara-admin/vendor/laravel/framework/src/Illuminate/View/Middleware/ShareErrorsFromSession.php(48): Illuminate/Pipeline/Pipeline->{closure:{closure:Illuminate/Pipeline/Pipeline::carry():194}:195}()
#30 D:/Spencer/Downloads/tara-admin/vendor/laravel/framework/src/Illuminate/Pipeline/Pipeline.php(219): Illuminate/View/Middleware/ShareErrorsFromSession->handle()
#31 D:/Spencer/Downloads/tara-admin/vendor/laravel/framework/src/Illuminate/Session/Middleware/StartSession.php(120): Illuminate/Pipeline/Pipeline->{closure:{closure:Illuminate/Pipeline/Pipeline::carry():194}:195}()
#32 D:/Spencer/Downloads/tara-admin/vendor/laravel/framework/src/Illuminate/Session/Middleware/StartSession.php(63): Illuminate/Session/Middleware/StartSession->handleStatefulRequest()
#33 D:/Spencer/Downloads/tara-admin/vendor/laravel/framework/src/Illuminate/Pipeline/Pipeline.php(219): Illuminate/Session/Middleware/StartSession->handle()
#34 D:/Spencer/Downloads/tara-admin/vendor/laravel/framework/src/Illuminate/Cookie/Middleware/AddQueuedCookiesToResponse.php(36): Illuminate/Pipeline/Pipeline->{closure:{closure:Illuminate/Pipeline/Pipeline::carry():194}:195}()
#35 D:/Spencer/Downloads/tara-admin/vendor/laravel/framework/src/Illuminate/Pipeline/Pipeline.php(219): Illuminate/Cookie/Middleware/AddQueuedCookiesToResponse->handle()
#36 D:/Spencer/Downloads/tara-admin/vendor/laravel/framework/src/Illuminate/Cookie/Middleware/EncryptCookies.php(74): Illuminate/Pipeline/Pipeline->{closure:{closure:Illuminate/Pipeline/Pipeline::carry():194}:195}()
#37 D:/Spencer/Downloads/tara-admin/vendor/laravel/framework/src/Illuminate/Pipeline/Pipeline.php(219): Illuminate/Cookie/Middleware/EncryptCookies->handle()
#38 D:/Spencer/Downloads/tara-admin/vendor/laravel/framework/src/Illuminate/Pipeline/Pipeline.php(137): Illuminate/Pipeline/Pipeline->{closure:{closure:Illuminate/Pipeline/Pipeline::carry():194}:195}()
#39 D:/Spencer/Downloads/tara-admin/vendor/laravel/framework/src/Illuminate/Routing/Router.php(821): Illuminate/Pipeline/Pipeline->then()
#40 D:/Spencer/Downloads/tara-admin/vendor/laravel/framework/src/Illuminate/Routing/Router.php(800): Illuminate/Routing/Router->runRouteWithinStack()
#41 D:/Spencer/Downloads/tara-admin/vendor/laravel/framework/src/Illuminate/Routing/Router.php(764): Illuminate/Routing/Router->runRoute()
#42 D:/Spencer/Downloads/tara-admin/vendor/laravel/framework/src/Illuminate/Routing/Router.php(753): Illuminate/Routing/Router->dispatchToRoute()
#43 D:/Spencer/Downloads/tara-admin/vendor/laravel/framework/src/Illuminate/Foundation/Http/Kernel.php(200): Illuminate/Routing/Router->dispatch()
#44 D:/Spencer/Downloads/tara-admin/vendor/laravel/framework/src/Illuminate/Pipeline/Pipeline.php(180): Illuminate/Foundation/Http/Kernel->{closure:Illuminate/Foundation/Http/Kernel::dispatchToRouter():197}()
#45 D:/Spencer/Downloads/tara-admin/vendor/laravel/framework/src/Illuminate/Foundation/Http/Middleware/TransformsRequest.php(21): Illuminate/Pipeline/Pipeline->{closure:Illuminate/Pipeline/Pipeline::prepareDestination():178}()
#46 D:/Spencer/Downloads/tara-admin/vendor/laravel/framework/src/Illuminate/Foundation/Http/Middleware/ConvertEmptyStringsToNull.php(31): Illuminate/Foundation/Http/Middleware/TransformsRequest->handle()
#47 D:/Spencer/Downloads/tara-admin/vendor/laravel/framework/src/Illuminate/Pipeline/Pipeline.php(219): Illuminate/Foundation/Http/Middleware/ConvertEmptyStringsToNull->handle()
#48 D:/Spencer/Downloads/tara-admin/vendor/laravel/framework/src/Illuminate/Foundation/Http/Middleware/TransformsRequest.php(21): Illuminate/Pipeline/Pipeline->{closure:{closure:Illuminate/Pipeline/Pipeline::carry():194}:195}()
#49 D:/Spencer/Downloads/tara-admin/vendor/laravel/framework/src/Illuminate/Foundation/Http/Middleware/TrimStrings.php(51): Illuminate/Foundation/Http/Middleware/TransformsRequest->handle()
#50 D:/Spencer/Downloads/tara-admin/vendor/laravel/framework/src/Illuminate/Pipeline/Pipeline.php(219): Illuminate/Foundation/Http/Middleware/TrimStrings->handle()
#51 D:/Spencer/Downloads/tara-admin/vendor/laravel/framework/src/Illuminate/Http/Middleware/ValidatePostSize.php(27): Illuminate/Pipeline/Pipeline->{closure:{closure:Illuminate/Pipeline/Pipeline::carry():194}:195}()
#52 D:/Spencer/Downloads/tara-admin/vendor/laravel/framework/src/Illuminate/Pipeline/Pipeline.php(219): Illuminate/Http/Middleware/ValidatePostSize->handle()
#53 D:/Spencer/Downloads/tara-admin/vendor/laravel/framework/src/Illuminate/Foundation/Http/Middleware/PreventRequestsDuringMaintenance.php(110): Illuminate/Pipeline/Pipeline->{closure:{closure:Illuminate/Pipeline/Pipeline::carry():194}:195}()
#54 D:/Spencer/Downloads/tara-admin/vendor/laravel/framework/src/Illuminate/Pipeline/Pipeline.php(219): Illuminate/Foundation/Http/Middleware/PreventRequestsDuringMaintenance->handle()
#55 D:/Spencer/Downloads/tara-admin/vendor/laravel/framework/src/Illuminate/Http/Middleware/HandleCors.php(61): Illuminate/Pipeline/Pipeline->{closure:{closure:Illuminate/Pipeline/Pipeline::carry():194}:195}()
#56 D:/Spencer/Downloads/tara-admin/vendor/laravel/framework/src/Illuminate/Pipeline/Pipeline.php(219): Illuminate/Http/Middleware/HandleCors->handle()
#57 D:/Spencer/Downloads/tara-admin/vendor/laravel/framework/src/Illuminate/Http/Middleware/TrustProxies.php(58): Illuminate/Pipeline/Pipeline->{closure:{closure:Illuminate/Pipeline/Pipeline::carry():194}:195}()
#58 D:/Spencer/Downloads/tara-admin/vendor/laravel/framework/src/Illuminate/Pipeline/Pipeline.php(219): Illuminate/Http/Middleware/TrustProxies->handle()
#59 D:/Spencer/Downloads/tara-admin/vendor/laravel/framework/src/Illuminate/Foundation/Http/Middleware/InvokeDeferredCallbacks.php(22): Illuminate/Pipeline/Pipeline->{closure:{closure:Illuminate/Pipeline/Pipeline::carry():194}:195}()
#60 D:/Spencer/Downloads/tara-admin/vendor/laravel/framework/src/Illuminate/Pipeline/Pipeline.php(219): Illuminate/Foundation/Http/Middleware/InvokeDeferredCallbacks->handle()
#61 D:/Spencer/Downloads/tara-admin/vendor/laravel/framework/src/Illuminate/Http/Middleware/ValidatePathEncoding.php(28): Illuminate/Pipeline/Pipeline->{closure:{closure:Illuminate/Pipeline/Pipeline::carry():194}:195}()
#62 D:/Spencer/Downloads/tara-admin/vendor/laravel/framework/src/Illuminate/Pipeline/Pipeline.php(219): Illuminate/Http/Middleware/ValidatePathEncoding->handle()
#63 D:/Spencer/Downloads/tara-admin/vendor/laravel/framework/src/Illuminate/Pipeline/Pipeline.php(137): Illuminate/Pipeline/Pipeline->{closure:{closure:Illuminate/Pipeline/Pipeline::carry():194}:195}()
#64 D:/Spencer/Downloads/tara-admin/vendor/laravel/framework/src/Illuminate/Foundation/Http/Kernel.php(175): Illuminate/Pipeline/Pipeline->then()
#65 D:/Spencer/Downloads/tara-admin/vendor/laravel/framework/src/Illuminate/Foundation/Http/Kernel.php(144): Illuminate/Foundation/Http/Kernel->sendRequestThroughRouter()
#66 D:/Spencer/Downloads/tara-admin/vendor/laravel/framework/src/Illuminate/Foundation/Application.php(1227): Illuminate/Foundation/Http/Kernel->handle()
#67 D:/Spencer/Downloads/tara-admin/public/index.php(20): Illuminate/Foundation/Application->handleRequest()
#68 D:/Spencer/Downloads/tara-admin/vendor/laravel/framework/src/Illuminate/Foundation/resources/server.php(23): require_once('...')
#69 {main}
"} 
[2026-09-11 04:48:34] local.ERROR: Database connection [pgsql] sets 'pooled' => true without a 'direct' endpoint; migrations and DDL will still traverse the transaction pooler. {"exception":"[object] (ErrorException(code: 0): Database connection [pgsql] sets 'pooled' => true without a 'direct' endpoint; migrations and DDL will still traverse the transaction pooler. at D:/Spencer/Downloads/tara-admin/vendor/laravel/framework/src/Illuminate/Database/Connectors/Concerns/ConfiguresPooledConnections.php:70)
[stacktrace]
#0 D:/Spencer/Downloads/tara-admin/vendor/laravel/framework/src/Illuminate/Foundation/Bootstrap/HandleExceptions.php(263): Illuminate/Foundation/Bootstrap/HandleExceptions->handleError()
#1 [internal function]: Illuminate/Foundation/Bootstrap/HandleExceptions->{closure:Illuminate/Foundation/Bootstrap/HandleExceptions::forwardsTo():262}()
#2 D:/Spencer/Downloads/tara-admin/vendor/laravel/framework/src/Illuminate/Database/Connectors/Concerns/ConfiguresPooledConnections.php(70): trigger_error()
#3 D:/Spencer/Downloads/tara-admin/vendor/laravel/framework/src/Illuminate/Database/Connectors/ConnectionFactory.php(50): Illuminate/Database/Connectors/ConnectionFactory->ensurePooledPostgresIsProperlyConfigured()
#4 D:/Spencer/Downloads/tara-admin/vendor/laravel/framework/src/Illuminate/Database/DatabaseManager.php(208): Illuminate/Database/Connectors/ConnectionFactory->make()
#5 D:/Spencer/Downloads/tara-admin/vendor/laravel/framework/src/Illuminate/Database/DatabaseManager.php(103): Illuminate/Database/DatabaseManager->makeConnection()
#6 D:/Spencer/Downloads/tara-admin/vendor/laravel/framework/src/Illuminate/Database/Migrations/Migrator.php(747): Illuminate/Database/DatabaseManager->connection()
#7 D:/Spencer/Downloads/tara-admin/vendor/laravel/framework/src/Illuminate/Database/Migrations/Migrator.php(703): Illuminate/Database/Migrations/Migrator->directConnectionName()
#8 D:/Spencer/Downloads/tara-admin/vendor/laravel/framework/src/Illuminate/Database/Migrations/Migrator.php(669): Illuminate/Database/Migrations/Migrator->setConnection()
#9 D:/Spencer/Downloads/tara-admin/vendor/laravel/framework/src/Illuminate/Database/Console/Migrations/StatusCommand.php(66): Illuminate/Database/Migrations/Migrator->usingConnection()
#10 D:/Spencer/Downloads/tara-admin/vendor/laravel/framework/src/Illuminate/Container/BoundMethod.php(36): Illuminate/Database/Console/Migrations/StatusCommand->handle()
#11 D:/Spencer/Downloads/tara-admin/vendor/laravel/framework/src/Illuminate/Container/Util.php(43): Illuminate/Container/BoundMethod::{closure:Illuminate/Container/BoundMethod::call():35}()
#12 D:/Spencer/Downloads/tara-admin/vendor/laravel/framework/src/Illuminate/Container/BoundMethod.php(96): Illuminate/Container/Util::unwrapIfClosure()
#13 D:/Spencer/Downloads/tara-admin/vendor/laravel/framework/src/Illuminate/Container/BoundMethod.php(35): Illuminate/Container/BoundMethod::callBoundMethod()
#14 D:/Spencer/Downloads/tara-admin/vendor/laravel/framework/src/Illuminate/Container/Container.php(801): Illuminate/Container/BoundMethod::call()
#15 D:/Spencer/Downloads/tara-admin/vendor/laravel/framework/src/Illuminate/Console/Command.php(292): Illuminate/Container/Container->call()
#16 D:/Spencer/Downloads/tara-admin/vendor/symfony/console/Command/Command.php(291): Illuminate/Console/Command->execute()
#17 D:/Spencer/Downloads/tara-admin/vendor/laravel/framework/src/Illuminate/Console/Command.php(261): Symfony/Component/Console/Command/Command->run()
#18 D:/Spencer/Downloads/tara-admin/vendor/symfony/console/Application.php(1107): Illuminate/Console/Command->run()
#19 D:/Spencer/Downloads/tara-admin/vendor/symfony/console/Application.php(356): Symfony/Component/Console/Application->doRunCommand()
#20 D:/Spencer/Downloads/tara-admin/vendor/symfony/console/Application.php(195): Symfony/Component/Console/Application->doRun()
#21 D:/Spencer/Downloads/tara-admin/vendor/laravel/framework/src/Illuminate/Foundation/Console/Kernel.php(198): Symfony/Component/Console/Application->run()
#22 D:/Spencer/Downloads/tara-admin/vendor/laravel/framework/src/Illuminate/Foundation/Application.php(1242): Illuminate/Foundation/Console/Kernel->handle()
#23 D:/Spencer/Downloads/tara-admin/artisan(16): Illuminate/Foundation/Application->handleCommand()
#24 {main}
"} 
[2026-09-11 06:15:03] local.ERROR: Database connection [pgsql_admin] sets 'pooled' => true without a 'direct' endpoint; migrations and DDL will still traverse the transaction pooler. {"exception":"[object] (ErrorException(code: 0): Database connection [pgsql_admin] sets 'pooled' => true without a 'direct' endpoint; migrations and DDL will still traverse the transaction pooler. at D:/Spencer/Downloads/tara-admin/vendor/laravel/framework/src/Illuminate/Database/Connectors/Concerns/ConfiguresPooledConnections.php:70)
[stacktrace]
#0 D:/Spencer/Downloads/tara-admin/vendor/laravel/framework/src/Illuminate/Foundation/Bootstrap/HandleExceptions.php(263): Illuminate/Foundation/Bootstrap/HandleExceptions->handleError()
#1 [internal function]: Illuminate/Foundation/Bootstrap/HandleExceptions->{closure:Illuminate/Foundation/Bootstrap/HandleExceptions::forwardsTo():262}()
#2 D:/Spencer/Downloads/tara-admin/vendor/laravel/framework/src/Illuminate/Database/Connectors/Concerns/ConfiguresPooledConnections.php(70): trigger_error()
#3 D:/Spencer/Downloads/tara-admin/vendor/laravel/framework/src/Illuminate/Database/Connectors/ConnectionFactory.php(50): Illuminate/Database/Connectors/ConnectionFactory->ensurePooledPostgresIsProperlyConfigured()
#4 D:/Spencer/Downloads/tara-admin/vendor/laravel/framework/src/Illuminate/Database/DatabaseManager.php(208): Illuminate/Database/Connectors/ConnectionFactory->make()
#5 D:/Spencer/Downloads/tara-admin/vendor/laravel/framework/src/Illuminate/Database/DatabaseManager.php(103): Illuminate/Database/DatabaseManager->makeConnection()
#6 D:/Spencer/Downloads/tara-admin/vendor/laravel/framework/src/Illuminate/Database/Eloquent/Model.php(2235): Illuminate/Database/DatabaseManager->connection()
#7 D:/Spencer/Downloads/tara-admin/vendor/laravel/framework/src/Illuminate/Database/Eloquent/Model.php(2201): Illuminate/Database/Eloquent/Model::resolveConnection()
#8 D:/Spencer/Downloads/tara-admin/vendor/laravel/framework/src/Illuminate/Database/Eloquent/Model.php(1964): Illuminate/Database/Eloquent/Model->getConnection()
#9 D:/Spencer/Downloads/tara-admin/vendor/laravel/framework/src/Illuminate/Database/Eloquent/Model.php(1862): Illuminate/Database/Eloquent/Model->newBaseQueryBuilder()
#10 D:/Spencer/Downloads/tara-admin/vendor/laravel/framework/src/Illuminate/Database/Eloquent/Model.php(1898): Illuminate/Database/Eloquent/Model->newModelQuery()
#11 D:/Spencer/Downloads/tara-admin/vendor/laravel/framework/src/Illuminate/Database/Eloquent/Model.php(1851): Illuminate/Database/Eloquent/Model->newQueryWithoutScopes()
#12 D:/Spencer/Downloads/tara-admin/vendor/laravel/framework/src/Illuminate/Auth/EloquentUserProvider.php(191): Illuminate/Database/Eloquent/Model->newQuery()
#13 D:/Spencer/Downloads/tara-admin/vendor/laravel/framework/src/Illuminate/Auth/EloquentUserProvider.php(126): Illuminate/Auth/EloquentUserProvider->newModelQuery()
#14 D:/Spencer/Downloads/tara-admin/vendor/laravel/framework/src/Illuminate/Auth/SessionGuard.php(424): Illuminate/Auth/EloquentUserProvider->retrieveByCredentials()
#15 D:/Spencer/Downloads/tara-admin/vendor/laravel/framework/src/Illuminate/Support/Timebox.php(34): Illuminate/Auth/SessionGuard->{closure:Illuminate/Auth/SessionGuard::attempt():421}()
#16 D:/Spencer/Downloads/tara-admin/vendor/laravel/framework/src/Illuminate/Auth/SessionGuard.php(421): Illuminate/Support/Timebox->call()
#17 D:/Spencer/Downloads/tara-admin/app/Http/Controllers/Admin/AuthController.php(24): Illuminate/Auth/SessionGuard->attempt()
#18 D:/Spencer/Downloads/tara-admin/vendor/laravel/framework/src/Illuminate/Routing/ControllerDispatcher.php(46): App/Http/Controllers/Admin/AuthController->login()
#19 D:/Spencer/Downloads/tara-admin/vendor/laravel/framework/src/Illuminate/Routing/Route.php(276): Illuminate/Routing/ControllerDispatcher->dispatch()
#20 D:/Spencer/Downloads/tara-admin/vendor/laravel/framework/src/Illuminate/Routing/Route.php(216): Illuminate/Routing/Route->runController()
#21 D:/Spencer/Downloads/tara-admin/vendor/laravel/framework/src/Illuminate/Routing/Router.php(822): Illuminate/Routing/Route->run()
#22 D:/Spencer/Downloads/tara-admin/vendor/laravel/framework/src/Illuminate/Pipeline/Pipeline.php(180): Illuminate/Routing/Router->{closure:Illuminate/Routing/Router::runRouteWithinStack():821}()
#23 D:/Spencer/Downloads/tara-admin/app/Http/Middleware/RedirectIfAdminAuthenticated.php(25): Illuminate/Pipeline/Pipeline->{closure:Illuminate/Pipeline/Pipeline::prepareDestination():178}()
#24 D:/Spencer/Downloads/tara-admin/vendor/laravel/framework/src/Illuminate/Pipeline/Pipeline.php(219): App/Http/Middleware/RedirectIfAdminAuthenticated->handle()
#25 D:/Spencer/Downloads/tara-admin/vendor/laravel/framework/src/Illuminate/Routing/Middleware/SubstituteBindings.php(52): Illuminate/Pipeline/Pipeline->{closure:{closure:Illuminate/Pipeline/Pipeline::carry():194}:195}()
#26 D:/Spencer/Downloads/tara-admin/vendor/laravel/framework/src/Illuminate/Pipeline/Pipeline.php(219): Illuminate/Routing/Middleware/SubstituteBindings->handle()
#27 D:/Spencer/Downloads/tara-admin/vendor/laravel/framework/src/Illuminate/Foundation/Http/Middleware/PreventRequestForgery.php(104): Illuminate/Pipeline/Pipeline->{closure:{closure:Illuminate/Pipeline/Pipeline::carry():194}:195}()
#28 D:/Spencer/Downloads/tara-admin/vendor/laravel/framework/src/Illuminate/Pipeline/Pipeline.php(219): Illuminate/Foundation/Http/Middleware/PreventRequestForgery->handle()
#29 D:/Spencer/Downloads/tara-admin/vendor/laravel/framework/src/Illuminate/View/Middleware/ShareErrorsFromSession.php(48): Illuminate/Pipeline/Pipeline->{closure:{closure:Illuminate/Pipeline/Pipeline::carry():194}:195}()
#30 D:/Spencer/Downloads/tara-admin/vendor/laravel/framework/src/Illuminate/Pipeline/Pipeline.php(219): Illuminate/View/Middleware/ShareErrorsFromSession->handle()
#31 D:/Spencer/Downloads/tara-admin/vendor/laravel/framework/src/Illuminate/Session/Middleware/StartSession.php(120): Illuminate/Pipeline/Pipeline->{closure:{closure:Illuminate/Pipeline/Pipeline::carry():194}:195}()
#32 D:/Spencer/Downloads/tara-admin/vendor/laravel/framework/src/Illuminate/Session/Middleware/StartSession.php(63): Illuminate/Session/Middleware/StartSession->handleStatefulRequest()
#33 D:/Spencer/Downloads/tara-admin/vendor/laravel/framework/src/Illuminate/Pipeline/Pipeline.php(219): Illuminate/Session/Middleware/StartSession->handle()
#34 D:/Spencer/Downloads/tara-admin/vendor/laravel/framework/src/Illuminate/Cookie/Middleware/AddQueuedCookiesToResponse.php(36): Illuminate/Pipeline/Pipeline->{closure:{closure:Illuminate/Pipeline/Pipeline::carry():194}:195}()
#35 D:/Spencer/Downloads/tara-admin/vendor/laravel/framework/src/Illuminate/Pipeline/Pipeline.php(219): Illuminate/Cookie/Middleware/AddQueuedCookiesToResponse->handle()
#36 D:/Spencer/Downloads/tara-admin/vendor/laravel/framework/src/Illuminate/Cookie/Middleware/EncryptCookies.php(74): Illuminate/Pipeline/Pipeline->{closure:{closure:Illuminate/Pipeline/Pipeline::carry():194}:195}()
#37 D:/Spencer/Downloads/tara-admin/vendor/laravel/framework/src/Illuminate/Pipeline/Pipeline.php(219): Illuminate/Cookie/Middleware/EncryptCookies->handle()
#38 D:/Spencer/Downloads/tara-admin/vendor/laravel/framework/src/Illuminate/Pipeline/Pipeline.php(137): Illuminate/Pipeline/Pipeline->{closure:{closure:Illuminate/Pipeline/Pipeline::carry():194}:195}()
#39 D:/Spencer/Downloads/tara-admin/vendor/laravel/framework/src/Illuminate/Routing/Router.php(821): Illuminate/Pipeline/Pipeline->then()
#40 D:/Spencer/Downloads/tara-admin/vendor/laravel/framework/src/Illuminate/Routing/Router.php(800): Illuminate/Routing/Router->runRouteWithinStack()
#41 D:/Spencer/Downloads/tara-admin/vendor/laravel/framework/src/Illuminate/Routing/Router.php(764): Illuminate/Routing/Router->runRoute()
#42 D:/Spencer/Downloads/tara-admin/vendor/laravel/framework/src/Illuminate/Routing/Router.php(753): Illuminate/Routing/Router->dispatchToRoute()
#43 D:/Spencer/Downloads/tara-admin/vendor/laravel/framework/src/Illuminate/Foundation/Http/Kernel.php(200): Illuminate/Routing/Router->dispatch()
#44 D:/Spencer/Downloads/tara-admin/vendor/laravel/framework/src/Illuminate/Pipeline/Pipeline.php(180): Illuminate/Foundation/Http/Kernel->{closure:Illuminate/Foundation/Http/Kernel::dispatchToRouter():197}()
#45 D:/Spencer/Downloads/tara-admin/vendor/laravel/framework/src/Illuminate/Foundation/Http/Middleware/TransformsRequest.php(21): Illuminate/Pipeline/Pipeline->{closure:Illuminate/Pipeline/Pipeline::prepareDestination():178}()
#46 D:/Spencer/Downloads/tara-admin/vendor/laravel/framework/src/Illuminate/Foundation/Http/Middleware/ConvertEmptyStringsToNull.php(31): Illuminate/Foundation/Http/Middleware/TransformsRequest->handle()
#47 D:/Spencer/Downloads/tara-admin/vendor/laravel/framework/src/Illuminate/Pipeline/Pipeline.php(219): Illuminate/Foundation/Http/Middleware/ConvertEmptyStringsToNull->handle()
#48 D:/Spencer/Downloads/tara-admin/vendor/laravel/framework/src/Illuminate/Foundation/Http/Middleware/TransformsRequest.php(21): Illuminate/Pipeline/Pipeline->{closure:{closure:Illuminate/Pipeline/Pipeline::carry():194}:195}()
#49 D:/Spencer/Downloads/tara-admin/vendor/laravel/framework/src/Illuminate/Foundation/Http/Middleware/TrimStrings.php(51): Illuminate/Foundation/Http/Middleware/TransformsRequest->handle()
#50 D:/Spencer/Downloads/tara-admin/vendor/laravel/framework/src/Illuminate/Pipeline/Pipeline.php(219): Illuminate/Foundation/Http/Middleware/TrimStrings->handle()
#51 D:/Spencer/Downloads/tara-admin/vendor/laravel/framework/src/Illuminate/Http/Middleware/ValidatePostSize.php(27): Illuminate/Pipeline/Pipeline->{closure:{closure:Illuminate/Pipeline/Pipeline::carry():194}:195}()
#52 D:/Spencer/Downloads/tara-admin/vendor/laravel/framework/src/Illuminate/Pipeline/Pipeline.php(219): Illuminate/Http/Middleware/ValidatePostSize->handle()
#53 D:/Spencer/Downloads/tara-admin/vendor/laravel/framework/src/Illuminate/Foundation/Http/Middleware/PreventRequestsDuringMaintenance.php(110): Illuminate/Pipeline/Pipeline->{closure:{closure:Illuminate/Pipeline/Pipeline::carry():194}:195}()
#54 D:/Spencer/Downloads/tara-admin/vendor/laravel/framework/src/Illuminate/Pipeline/Pipeline.php(219): Illuminate/Foundation/Http/Middleware/PreventRequestsDuringMaintenance->handle()
#55 D:/Spencer/Downloads/tara-admin/vendor/laravel/framework/src/Illuminate/Http/Middleware/HandleCors.php(61): Illuminate/Pipeline/Pipeline->{closure:{closure:Illuminate/Pipeline/Pipeline::carry():194}:195}()
#56 D:/Spencer/Downloads/tara-admin/vendor/laravel/framework/src/Illuminate/Pipeline/Pipeline.php(219): Illuminate/Http/Middleware/HandleCors->handle()
#57 D:/Spencer/Downloads/tara-admin/vendor/laravel/framework/src/Illuminate/Http/Middleware/TrustProxies.php(58): Illuminate/Pipeline/Pipeline->{closure:{closure:Illuminate/Pipeline/Pipeline::carry():194}:195}()
#58 D:/Spencer/Downloads/tara-admin/vendor/laravel/framework/src/Illuminate/Pipeline/Pipeline.php(219): Illuminate/Http/Middleware/TrustProxies->handle()
#59 D:/Spencer/Downloads/tara-admin/vendor/laravel/framework/src/Illuminate/Foundation/Http/Middleware/InvokeDeferredCallbacks.php(22): Illuminate/Pipeline/Pipeline->{closure:{closure:Illuminate/Pipeline/Pipeline::carry():194}:195}()
#60 D:/Spencer/Downloads/tara-admin/vendor/laravel/framework/src/Illuminate/Pipeline/Pipeline.php(219): Illuminate/Foundation/Http/Middleware/InvokeDeferredCallbacks->handle()
#61 D:/Spencer/Downloads/tara-admin/vendor/laravel/framework/src/Illuminate/Http/Middleware/ValidatePathEncoding.php(28): Illuminate/Pipeline/Pipeline->{closure:{closure:Illuminate/Pipeline/Pipeline::carry():194}:195}()
#62 D:/Spencer/Downloads/tara-admin/vendor/laravel/framework/src/Illuminate/Pipeline/Pipeline.php(219): Illuminate/Http/Middleware/ValidatePathEncoding->handle()
#63 D:/Spencer/Downloads/tara-admin/vendor/laravel/framework/src/Illuminate/Pipeline/Pipeline.php(137): Illuminate/Pipeline/Pipeline->{closure:{closure:Illuminate/Pipeline/Pipeline::carry():194}:195}()
#64 D:/Spencer/Downloads/tara-admin/vendor/laravel/framework/src/Illuminate/Foundation/Http/Kernel.php(175): Illuminate/Pipeline/Pipeline->then()
#65 D:/Spencer/Downloads/tara-admin/vendor/laravel/framework/src/Illuminate/Foundation/Http/Kernel.php(144): Illuminate/Foundation/Http/Kernel->sendRequestThroughRouter()
#66 D:/Spencer/Downloads/tara-admin/vendor/laravel/framework/src/Illuminate/Foundation/Application.php(1227): Illuminate/Foundation/Http/Kernel->handle()
#67 D:/Spencer/Downloads/tara-admin/public/index.php(20): Illuminate/Foundation/Application->handleRequest()
#68 D:/Spencer/Downloads/tara-admin/vendor/laravel/framework/src/Illuminate/Foundation/resources/server.php(23): require_once('...')
#69 {main}
"} 
[2026-09-11 06:15:48] local.ERROR: The D:\Spencer\Downloads\tara-admin\bootstrap\cache directory must be present and writable. {"exception":"[object] (Exception(code: 0): The D:\\Spencer\\Downloads\\tara-admin\\bootstrap\\cache directory must be present and writable. at D:/Spencer/Downloads/tara-admin/vendor/laravel/framework/src/Illuminate/Foundation/PackageManifest.php:179)
[stacktrace]
#0 D:/Spencer/Downloads/tara-admin/vendor/laravel/framework/src/Illuminate/Foundation/PackageManifest.php(132): Illuminate/Foundation/PackageManifest->write()
#1 D:/Spencer/Downloads/tara-admin/vendor/laravel/framework/src/Illuminate/Foundation/PackageManifest.php(108): Illuminate/Foundation/PackageManifest->build()
#2 D:/Spencer/Downloads/tara-admin/vendor/laravel/framework/src/Illuminate/Foundation/PackageManifest.php(90): Illuminate/Foundation/PackageManifest->getManifest()
#3 D:/Spencer/Downloads/tara-admin/vendor/laravel/framework/src/Illuminate/Foundation/PackageManifest.php(79): Illuminate/Foundation/PackageManifest->config()
#4 D:/Spencer/Downloads/tara-admin/vendor/laravel/framework/src/Illuminate/Foundation/Bootstrap/RegisterFacades.php(26): Illuminate/Foundation/PackageManifest->aliases()
#5 D:/Spencer/Downloads/tara-admin/vendor/laravel/framework/src/Illuminate/Foundation/Application.php(349): Illuminate/Foundation/Bootstrap/RegisterFacades->bootstrap()
#6 D:/Spencer/Downloads/tara-admin/vendor/laravel/framework/src/Illuminate/Foundation/Console/Kernel.php(494): Illuminate/Foundation/Application->bootstrapWith()
#7 D:/Spencer/Downloads/tara-admin/vendor/laravel/framework/src/Illuminate/Foundation/Console/Kernel.php(196): Illuminate/Foundation/Console/Kernel->bootstrap()
#8 D:/Spencer/Downloads/tara-admin/vendor/laravel/framework/src/Illuminate/Foundation/Application.php(1242): Illuminate/Foundation/Console/Kernel->handle()
#9 D:/Spencer/Downloads/tara-admin/artisan(16): Illuminate/Foundation/Application->handleCommand()
#10 {main}
"} 
[2026-09-11 06:15:53] local.ERROR: The D:\Spencer\Downloads\tara-admin\bootstrap\cache directory must be present and writable. {"exception":"[object] (Exception(code: 0): The D:\\Spencer\\Downloads\\tara-admin\\bootstrap\\cache directory must be present and writable. at D:/Spencer/Downloads/tara-admin/vendor/laravel/framework/src/Illuminate/Foundation/PackageManifest.php:179)
[stacktrace]
#0 D:/Spencer/Downloads/tara-admin/vendor/laravel/framework/src/Illuminate/Foundation/PackageManifest.php(132): Illuminate/Foundation/PackageManifest->write()
#1 D:/Spencer/Downloads/tara-admin/vendor/laravel/framework/src/Illuminate/Foundation/PackageManifest.php(108): Illuminate/Foundation/PackageManifest->build()
#2 D:/Spencer/Downloads/tara-admin/vendor/laravel/framework/src/Illuminate/Foundation/PackageManifest.php(90): Illuminate/Foundation/PackageManifest->getManifest()
#3 D:/Spencer/Downloads/tara-admin/vendor/laravel/framework/src/Illuminate/Foundation/PackageManifest.php(79): Illuminate/Foundation/PackageManifest->config()
#4 D:/Spencer/Downloads/tara-admin/vendor/laravel/framework/src/Illuminate/Foundation/Bootstrap/RegisterFacades.php(26): Illuminate/Foundation/PackageManifest->aliases()
#5 D:/Spencer/Downloads/tara-admin/vendor/laravel/framework/src/Illuminate/Foundation/Application.php(349): Illuminate/Foundation/Bootstrap/RegisterFacades->bootstrap()
#6 D:/Spencer/Downloads/tara-admin/vendor/laravel/framework/src/Illuminate/Foundation/Console/Kernel.php(494): Illuminate/Foundation/Application->bootstrapWith()
#7 D:/Spencer/Downloads/tara-admin/vendor/laravel/framework/src/Illuminate/Foundation/Console/Kernel.php(196): Illuminate/Foundation/Console/Kernel->bootstrap()
#8 D:/Spencer/Downloads/tara-admin/vendor/laravel/framework/src/Illuminate/Foundation/Application.php(1242): Illuminate/Foundation/Console/Kernel->handle()
#9 D:/Spencer/Downloads/tara-admin/artisan(16): Illuminate/Foundation/Application->handleCommand()
#10 {main}
"} 
[2026-09-11 06:15:54] local.ERROR: The D:\Spencer\Downloads\tara-admin\bootstrap\cache directory must be present and writable. {"exception":"[object] (Exception(code: 0): The D:\\Spencer\\Downloads\\tara-admin\\bootstrap\\cache directory must be present and writable. at D:/Spencer/Downloads/tara-admin/vendor/laravel/framework/src/Illuminate/Foundation/PackageManifest.php:179)
[stacktrace]
#0 D:/Spencer/Downloads/tara-admin/vendor/laravel/framework/src/Illuminate/Foundation/PackageManifest.php(132): Illuminate/Foundation/PackageManifest->write()
#1 D:/Spencer/Downloads/tara-admin/vendor/laravel/framework/src/Illuminate/Foundation/PackageManifest.php(108): Illuminate/Foundation/PackageManifest->build()
#2 D:/Spencer/Downloads/tara-admin/vendor/laravel/framework/src/Illuminate/Foundation/PackageManifest.php(90): Illuminate/Foundation/PackageManifest->getManifest()
#3 D:/Spencer/Downloads/tara-admin/vendor/laravel/framework/src/Illuminate/Foundation/PackageManifest.php(79): Illuminate/Foundation/PackageManifest->config()
#4 D:/Spencer/Downloads/tara-admin/vendor/laravel/framework/src/Illuminate/Foundation/Bootstrap/RegisterFacades.php(26): Illuminate/Foundation/PackageManifest->aliases()
#5 D:/Spencer/Downloads/tara-admin/vendor/laravel/framework/src/Illuminate/Foundation/Application.php(349): Illuminate/Foundation/Bootstrap/RegisterFacades->bootstrap()
#6 D:/Spencer/Downloads/tara-admin/vendor/laravel/framework/src/Illuminate/Foundation/Console/Kernel.php(494): Illuminate/Foundation/Application->bootstrapWith()
#7 D:/Spencer/Downloads/tara-admin/vendor/laravel/framework/src/Illuminate/Foundation/Console/Kernel.php(196): Illuminate/Foundation/Console/Kernel->bootstrap()
#8 D:/Spencer/Downloads/tara-admin/vendor/laravel/framework/src/Illuminate/Foundation/Application.php(1242): Illuminate/Foundation/Console/Kernel->handle()
#9 D:/Spencer/Downloads/tara-admin/artisan(16): Illuminate/Foundation/Application->handleCommand()
#10 {main}
"} 
[2026-09-11 06:16:02] local.ERROR: The D:\Spencer\Downloads\tara-admin\bootstrap\cache directory must be present and writable. {"exception":"[object] (Exception(code: 0): The D:\\Spencer\\Downloads\\tara-admin\\bootstrap\\cache directory must be present and writable. at D:/Spencer/Downloads/tara-admin/vendor/laravel/framework/src/Illuminate/Foundation/PackageManifest.php:179)
[stacktrace]
#0 D:/Spencer/Downloads/tara-admin/vendor/laravel/framework/src/Illuminate/Foundation/PackageManifest.php(132): Illuminate/Foundation/PackageManifest->write()
#1 D:/Spencer/Downloads/tara-admin/vendor/laravel/framework/src/Illuminate/Foundation/PackageManifest.php(108): Illuminate/Foundation/PackageManifest->build()
#2 D:/Spencer/Downloads/tara-admin/vendor/laravel/framework/src/Illuminate/Foundation/PackageManifest.php(90): Illuminate/Foundation/PackageManifest->getManifest()
#3 D:/Spencer/Downloads/tara-admin/vendor/laravel/framework/src/Illuminate/Foundation/PackageManifest.php(79): Illuminate/Foundation/PackageManifest->config()
#4 D:/Spencer/Downloads/tara-admin/vendor/laravel/framework/src/Illuminate/Foundation/Bootstrap/RegisterFacades.php(26): Illuminate/Foundation/PackageManifest->aliases()
#5 D:/Spencer/Downloads/tara-admin/vendor/laravel/framework/src/Illuminate/Foundation/Application.php(349): Illuminate/Foundation/Bootstrap/RegisterFacades->bootstrap()
#6 D:/Spencer/Downloads/tara-admin/vendor/laravel/framework/src/Illuminate/Foundation/Console/Kernel.php(494): Illuminate/Foundation/Application->bootstrapWith()
#7 D:/Spencer/Downloads/tara-admin/vendor/laravel/framework/src/Illuminate/Foundation/Console/Kernel.php(196): Illuminate/Foundation/Console/Kernel->bootstrap()
#8 D:/Spencer/Downloads/tara-admin/vendor/laravel/framework/src/Illuminate/Foundation/Application.php(1242): Illuminate/Foundation/Console/Kernel->handle()
#9 D:/Spencer/Downloads/tara-admin/artisan(16): Illuminate/Foundation/Application->handleCommand()
#10 {main}
"} 
[2026-09-11 06:16:31] local.ERROR: The D:\Spencer\Downloads\tara-admin\bootstrap\cache directory must be present and writable. {"exception":"[object] (Exception(code: 0): The D:\\Spencer\\Downloads\\tara-admin\\bootstrap\\cache directory must be present and writable. at D:/Spencer/Downloads/tara-admin/vendor/laravel/framework/src/Illuminate/Foundation/PackageManifest.php:179)
[stacktrace]
#0 D:/Spencer/Downloads/tara-admin/vendor/laravel/framework/src/Illuminate/Foundation/PackageManifest.php(132): Illuminate/Foundation/PackageManifest->write()
#1 D:/Spencer/Downloads/tara-admin/vendor/laravel/framework/src/Illuminate/Foundation/PackageManifest.php(108): Illuminate/Foundation/PackageManifest->build()
#2 D:/Spencer/Downloads/tara-admin/vendor/laravel/framework/src/Illuminate/Foundation/PackageManifest.php(90): Illuminate/Foundation/PackageManifest->getManifest()
#3 D:/Spencer/Downloads/tara-admin/vendor/laravel/framework/src/Illuminate/Foundation/PackageManifest.php(79): Illuminate/Foundation/PackageManifest->config()
#4 D:/Spencer/Downloads/tara-admin/vendor/laravel/framework/src/Illuminate/Foundation/Bootstrap/RegisterFacades.php(26): Illuminate/Foundation/PackageManifest->aliases()
#5 D:/Spencer/Downloads/tara-admin/vendor/laravel/framework/src/Illuminate/Foundation/Application.php(349): Illuminate/Foundation/Bootstrap/RegisterFacades->bootstrap()
#6 D:/Spencer/Downloads/tara-admin/vendor/laravel/framework/src/Illuminate/Foundation/Console/Kernel.php(494): Illuminate/Foundation/Application->bootstrapWith()
#7 D:/Spencer/Downloads/tara-admin/vendor/laravel/framework/src/Illuminate/Foundation/Console/Kernel.php(196): Illuminate/Foundation/Console/Kernel->bootstrap()
#8 D:/Spencer/Downloads/tara-admin/vendor/laravel/framework/src/Illuminate/Foundation/Application.php(1242): Illuminate/Foundation/Console/Kernel->handle()
#9 D:/Spencer/Downloads/tara-admin/artisan(16): Illuminate/Foundation/Application->handleCommand()
#10 {main}
"} 
[2026-09-11 06:53:16] local.ERROR: The D:\Spencer\Downloads\tara-admin\bootstrap\cache directory must be present and writable. {"exception":"[object] (Exception(code: 0): The D:\\Spencer\\Downloads\\tara-admin\\bootstrap\\cache directory must be present and writable. at D:/Spencer/Downloads/tara-admin/vendor/laravel/framework/src/Illuminate/Foundation/PackageManifest.php:179)
[stacktrace]
#0 D:/Spencer/Downloads/tara-admin/vendor/laravel/framework/src/Illuminate/Foundation/PackageManifest.php(132): Illuminate/Foundation/PackageManifest->write()
#1 D:/Spencer/Downloads/tara-admin/vendor/laravel/framework/src/Illuminate/Foundation/PackageManifest.php(108): Illuminate/Foundation/PackageManifest->build()
#2 D:/Spencer/Downloads/tara-admin/vendor/laravel/framework/src/Illuminate/Foundation/PackageManifest.php(90): Illuminate/Foundation/PackageManifest->getManifest()
#3 D:/Spencer/Downloads/tara-admin/vendor/laravel/framework/src/Illuminate/Foundation/PackageManifest.php(79): Illuminate/Foundation/PackageManifest->config()
#4 D:/Spencer/Downloads/tara-admin/vendor/laravel/framework/src/Illuminate/Foundation/Bootstrap/RegisterFacades.php(26): Illuminate/Foundation/PackageManifest->aliases()
#5 D:/Spencer/Downloads/tara-admin/vendor/laravel/framework/src/Illuminate/Foundation/Application.php(349): Illuminate/Foundation/Bootstrap/RegisterFacades->bootstrap()
#6 D:/Spencer/Downloads/tara-admin/vendor/laravel/framework/src/Illuminate/Foundation/Console/Kernel.php(494): Illuminate/Foundation/Application->bootstrapWith()
#7 D:/Spencer/Downloads/tara-admin/vendor/laravel/framework/src/Illuminate/Foundation/Console/Kernel.php(196): Illuminate/Foundation/Console/Kernel->bootstrap()
#8 D:/Spencer/Downloads/tara-admin/vendor/laravel/framework/src/Illuminate/Foundation/Application.php(1242): Illuminate/Foundation/Console/Kernel->handle()
#9 D:/Spencer/Downloads/tara-admin/artisan(16): Illuminate/Foundation/Application->handleCommand()
#10 {main}
"} 
[2026-09-11 06:54:53] local.ERROR: could not find driver (Connection: pgsql_admin, Host: aws-0-ap-southeast-1.pooler.supabase.com, Port: 6543, Database: postgres, SQL: select * from "admin_users" where "email" = test.user.20260911@example.com limit 1) {"exception":"[object] (Illuminate\\Database\\QueryException(code: 0): could not find driver (Connection: pgsql_admin, Host: aws-0-ap-southeast-1.pooler.supabase.com, Port: 6543, Database: postgres, SQL: select * from \"admin_users\" where \"email\" = test.user.20260911@example.com limit 1) at D:/Spencer/Downloads/tara-admin/vendor/laravel/framework/src/Illuminate/Database/Connection.php:857)
[stacktrace]
#0 D:/Spencer/Downloads/tara-admin/vendor/laravel/framework/src/Illuminate/Database/Connection.php(813): Illuminate/Database/Connection->runQueryCallback()
#1 D:/Spencer/Downloads/tara-admin/vendor/laravel/framework/src/Illuminate/Database/Connection.php(426): Illuminate/Database/Connection->run()
#2 D:/Spencer/Downloads/tara-admin/vendor/laravel/framework/src/Illuminate/Database/Query/Builder.php(3573): Illuminate/Database/Connection->select()
#3 D:/Spencer/Downloads/tara-admin/vendor/laravel/framework/src/Illuminate/Database/Query/Builder.php(3557): Illuminate/Database/Query/Builder->runSelect()
#4 D:/Spencer/Downloads/tara-admin/vendor/laravel/framework/src/Illuminate/Database/Eloquent/Builder.php(908): Illuminate/Database/Query/Builder->get()
#5 D:/Spencer/Downloads/tara-admin/vendor/laravel/framework/src/Illuminate/Database/Eloquent/Builder.php(890): Illuminate/Database/Eloquent/Builder->getModels()
#6 D:/Spencer/Downloads/tara-admin/vendor/laravel/framework/src/Illuminate/Database/Concerns/BuildsQueries.php(366): Illuminate/Database/Eloquent/Builder->get()
#7 D:/Spencer/Downloads/tara-admin/vendor/laravel/framework/src/Illuminate/Auth/EloquentUserProvider.php(138): Illuminate/Database/Eloquent/Builder->first()
#8 D:/Spencer/Downloads/tara-admin/vendor/laravel/framework/src/Illuminate/Auth/SessionGuard.php(424): Illuminate/Auth/EloquentUserProvider->retrieveByCredentials()
#9 D:/Spencer/Downloads/tara-admin/vendor/laravel/framework/src/Illuminate/Support/Timebox.php(34): Illuminate/Auth/SessionGuard->{closure:Illuminate/Auth/SessionGuard::attempt():421}()
#10 D:/Spencer/Downloads/tara-admin/vendor/laravel/framework/src/Illuminate/Auth/SessionGuard.php(421): Illuminate/Support/Timebox->call()
#11 D:/Spencer/Downloads/tara-admin/app/Http/Controllers/Admin/AuthController.php(24): Illuminate/Auth/SessionGuard->attempt()
#12 D:/Spencer/Downloads/tara-admin/vendor/laravel/framework/src/Illuminate/Routing/ControllerDispatcher.php(46): App/Http/Controllers/Admin/AuthController->login()
#13 D:/Spencer/Downloads/tara-admin/vendor/laravel/framework/src/Illuminate/Routing/Route.php(276): Illuminate/Routing/ControllerDispatcher->dispatch()
#14 D:/Spencer/Downloads/tara-admin/vendor/laravel/framework/src/Illuminate/Routing/Route.php(216): Illuminate/Routing/Route->runController()
#15 D:/Spencer/Downloads/tara-admin/vendor/laravel/framework/src/Illuminate/Routing/Router.php(822): Illuminate/Routing/Route->run()
#16 D:/Spencer/Downloads/tara-admin/vendor/laravel/framework/src/Illuminate/Pipeline/Pipeline.php(180): Illuminate/Routing/Router->{closure:Illuminate/Routing/Router::runRouteWithinStack():821}()
#17 D:/Spencer/Downloads/tara-admin/app/Http/Middleware/RedirectIfAdminAuthenticated.php(25): Illuminate/Pipeline/Pipeline->{closure:Illuminate/Pipeline/Pipeline::prepareDestination():178}()
#18 D:/Spencer/Downloads/tara-admin/vendor/laravel/framework/src/Illuminate/Pipeline/Pipeline.php(219): App/Http/Middleware/RedirectIfAdminAuthenticated->handle()
#19 D:/Spencer/Downloads/tara-admin/vendor/laravel/framework/src/Illuminate/Routing/Middleware/SubstituteBindings.php(52): Illuminate/Pipeline/Pipeline->{closure:{closure:Illuminate/Pipeline/Pipeline::carry():194}:195}()
#20 D:/Spencer/Downloads/tara-admin/vendor/laravel/framework/src/Illuminate/Pipeline/Pipeline.php(219): Illuminate/Routing/Middleware/SubstituteBindings->handle()
#21 D:/Spencer/Downloads/tara-admin/vendor/laravel/framework/src/Illuminate/Foundation/Http/Middleware/PreventRequestForgery.php(104): Illuminate/Pipeline/Pipeline->{closure:{closure:Illuminate/Pipeline/Pipeline::carry():194}:195}()
#22 D:/Spencer/Downloads/tara-admin/vendor/laravel/framework/src/Illuminate/Pipeline/Pipeline.php(219): Illuminate/Foundation/Http/Middleware/PreventRequestForgery->handle()
#23 D:/Spencer/Downloads/tara-admin/vendor/laravel/framework/src/Illuminate/View/Middleware/ShareErrorsFromSession.php(48): Illuminate/Pipeline/Pipeline->{closure:{closure:Illuminate/Pipeline/Pipeline::carry():194}:195}()
#24 D:/Spencer/Downloads/tara-admin/vendor/laravel/framework/src/Illuminate/Pipeline/Pipeline.php(219): Illuminate/View/Middleware/ShareErrorsFromSession->handle()
#25 D:/Spencer/Downloads/tara-admin/vendor/laravel/framework/src/Illuminate/Session/Middleware/StartSession.php(120): Illuminate/Pipeline/Pipeline->{closure:{closure:Illuminate/Pipeline/Pipeline::carry():194}:195}()
#26 D:/Spencer/Downloads/tara-admin/vendor/laravel/framework/src/Illuminate/Session/Middleware/StartSession.php(63): Illuminate/Session/Middleware/StartSession->handleStatefulRequest()
#27 D:/Spencer/Downloads/tara-admin/vendor/laravel/framework/src/Illuminate/Pipeline/Pipeline.php(219): Illuminate/Session/Middleware/StartSession->handle()
#28 D:/Spencer/Downloads/tara-admin/vendor/laravel/framework/src/Illuminate/Cookie/Middleware/AddQueuedCookiesToResponse.php(36): Illuminate/Pipeline/Pipeline->{closure:{closure:Illuminate/Pipeline/Pipeline::carry():194}:195}()
#29 D:/Spencer/Downloads/tara-admin/vendor/laravel/framework/src/Illuminate/Pipeline/Pipeline.php(219): Illuminate/Cookie/Middleware/AddQueuedCookiesToResponse->handle()
#30 D:/Spencer/Downloads/tara-admin/vendor/laravel/framework/src/Illuminate/Cookie/Middleware/EncryptCookies.php(74): Illuminate/Pipeline/Pipeline->{closure:{closure:Illuminate/Pipeline/Pipeline::carry():194}:195}()
#31 D:/Spencer/Downloads/tara-admin/vendor/laravel/framework/src/Illuminate/Pipeline/Pipeline.php(219): Illuminate/Cookie/Middleware/EncryptCookies->handle()
#32 D:/Spencer/Downloads/tara-admin/vendor/laravel/framework/src/Illuminate/Pipeline/Pipeline.php(137): Illuminate/Pipeline/Pipeline->{closure:{closure:Illuminate/Pipeline/Pipeline::carry():194}:195}()
#33 D:/Spencer/Downloads/tara-admin/vendor/laravel/framework/src/Illuminate/Routing/Router.php(821): Illuminate/Pipeline/Pipeline->then()
#34 D:/Spencer/Downloads/tara-admin/vendor/laravel/framework/src/Illuminate/Routing/Router.php(800): Illuminate/Routing/Router->runRouteWithinStack()
#35 D:/Spencer/Downloads/tara-admin/vendor/laravel/framework/src/Illuminate/Routing/Router.php(764): Illuminate/Routing/Router->runRoute()
#36 D:/Spencer/Downloads/tara-admin/vendor/laravel/framework/src/Illuminate/Routing/Router.php(753): Illuminate/Routing/Router->dispatchToRoute()
#37 D:/Spencer/Downloads/tara-admin/vendor/laravel/framework/src/Illuminate/Foundation/Http/Kernel.php(200): Illuminate/Routing/Router->dispatch()
#38 D:/Spencer/Downloads/tara-admin/vendor/laravel/framework/src/Illuminate/Pipeline/Pipeline.php(180): Illuminate/Foundation/Http/Kernel->{closure:Illuminate/Foundation/Http/Kernel::dispatchToRouter():197}()
#39 D:/Spencer/Downloads/tara-admin/vendor/laravel/framework/src/Illuminate/Foundation/Http/Middleware/TransformsRequest.php(21): Illuminate/Pipeline/Pipeline->{closure:Illuminate/Pipeline/Pipeline::prepareDestination():178}()
#40 D:/Spencer/Downloads/tara-admin/vendor/laravel/framework/src/Illuminate/Foundation/Http/Middleware/ConvertEmptyStringsToNull.php(31): Illuminate/Foundation/Http/Middleware/TransformsRequest->handle()
#41 D:/Spencer/Downloads/tara-admin/vendor/laravel/framework/src/Illuminate/Pipeline/Pipeline.php(219): Illuminate/Foundation/Http/Middleware/ConvertEmptyStringsToNull->handle()
#42 D:/Spencer/Downloads/tara-admin/vendor/laravel/framework/src/Illuminate/Foundation/Http/Middleware/TransformsRequest.php(21): Illuminate/Pipeline/Pipeline->{closure:{closure:Illuminate/Pipeline/Pipeline::carry():194}:195}()
#43 D:/Spencer/Downloads/tara-admin/vendor/laravel/framework/src/Illuminate/Foundation/Http/Middleware/TrimStrings.php(51): Illuminate/Foundation/Http/Middleware/TransformsRequest->handle()
#44 D:/Spencer/Downloads/tara-admin/vendor/laravel/framework/src/Illuminate/Pipeline/Pipeline.php(219): Illuminate/Foundation/Http/Middleware/TrimStrings->handle()
#45 D:/Spencer/Downloads/tara-admin/vendor/laravel/framework/src/Illuminate/Http/Middleware/ValidatePostSize.php(27): Illuminate/Pipeline/Pipeline->{closure:{closure:Illuminate/Pipeline/Pipeline::carry():194}:195}()
#46 D:/Spencer/Downloads/tara-admin/vendor/laravel/framework/src/Illuminate/Pipeline/Pipeline.php(219): Illuminate/Http/Middleware/ValidatePostSize->handle()
#47 D:/Spencer/Downloads/tara-admin/vendor/laravel/framework/src/Illuminate/Foundation/Http/Middleware/PreventRequestsDuringMaintenance.php(110): Illuminate/Pipeline/Pipeline->{closure:{closure:Illuminate/Pipeline/Pipeline::carry():194}:195}()
#48 D:/Spencer/Downloads/tara-admin/vendor/laravel/framework/src/Illuminate/Pipeline/Pipeline.php(219): Illuminate/Foundation/Http/Middleware/PreventRequestsDuringMaintenance->handle()
#49 D:/Spencer/Downloads/tara-admin/vendor/laravel/framework/src/Illuminate/Http/Middleware/HandleCors.php(61): Illuminate/Pipeline/Pipeline->{closure:{closure:Illuminate/Pipeline/Pipeline::carry():194}:195}()
#50 D:/Spencer/Downloads/tara-admin/vendor/laravel/framework/src/Illuminate/Pipeline/Pipeline.php(219): Illuminate/Http/Middleware/HandleCors->handle()
#51 D:/Spencer/Downloads/tara-admin/vendor/laravel/framework/src/Illuminate/Http/Middleware/TrustProxies.php(58): Illuminate/Pipeline/Pipeline->{closure:{closure:Illuminate/Pipeline/Pipeline::carry():194}:195}()
#52 D:/Spencer/Downloads/tara-admin/vendor/laravel/framework/src/Illuminate/Pipeline/Pipeline.php(219): Illuminate/Http/Middleware/TrustProxies->handle()
#53 D:/Spencer/Downloads/tara-admin/vendor/laravel/framework/src/Illuminate/Foundation/Http/Middleware/InvokeDeferredCallbacks.php(22): Illuminate/Pipeline/Pipeline->{closure:{closure:Illuminate/Pipeline/Pipeline::carry():194}:195}()
#54 D:/Spencer/Downloads/tara-admin/vendor/laravel/framework/src/Illuminate/Pipeline/Pipeline.php(219): Illuminate/Foundation/Http/Middleware/InvokeDeferredCallbacks->handle()
#55 D:/Spencer/Downloads/tara-admin/vendor/laravel/framework/src/Illuminate/Http/Middleware/ValidatePathEncoding.php(28): Illuminate/Pipeline/Pipeline->{closure:{closure:Illuminate/Pipeline/Pipeline::carry():194}:195}()
#56 D:/Spencer/Downloads/tara-admin/vendor/laravel/framework/src/Illuminate/Pipeline/Pipeline.php(219): Illuminate/Http/Middleware/ValidatePathEncoding->handle()
#57 D:/Spencer/Downloads/tara-admin/vendor/laravel/framework/src/Illuminate/Pipeline/Pipeline.php(137): Illuminate/Pipeline/Pipeline->{closure:{closure:Illuminate/Pipeline/Pipeline::carry():194}:195}()
#58 D:/Spencer/Downloads/tara-admin/vendor/laravel/framework/src/Illuminate/Foundation/Http/Kernel.php(175): Illuminate/Pipeline/Pipeline->then()
#59 D:/Spencer/Downloads/tara-admin/vendor/laravel/framework/src/Illuminate/Foundation/Http/Kernel.php(144): Illuminate/Foundation/Http/Kernel->sendRequestThroughRouter()
#60 D:/Spencer/Downloads/tara-admin/vendor/laravel/framework/src/Illuminate/Foundation/Application.php(1227): Illuminate/Foundation/Http/Kernel->handle()
#61 D:/Spencer/Downloads/tara-admin/public/index.php(20): Illuminate/Foundation/Application->handleRequest()
#62 D:/Spencer/Downloads/tara-admin/vendor/laravel/framework/src/Illuminate/Foundation/resources/server.php(23): require_once('...')
#63 {main}

[previous exception] [object] (PDOException(code: 0): could not find driver at D:/Spencer/Downloads/tara-admin/vendor/laravel/framework/src/Illuminate/Database/Connectors/Connector.php:67)
[stacktrace]
#0 D:/Spencer/Downloads/tara-admin/vendor/laravel/framework/src/Illuminate/Database/Connectors/Connector.php(67): PDO::connect()
#1 D:/Spencer/Downloads/tara-admin/vendor/laravel/framework/src/Illuminate/Database/Connectors/Connector.php(44): Illuminate/Database/Connectors/Connector->createPdoConnection()
#2 D:/Spencer/Downloads/tara-admin/vendor/laravel/framework/src/Illuminate/Database/Connectors/PostgresConnector.php(35): Illuminate/Database/Connectors/Connector->createConnection()
#3 D:/Spencer/Downloads/tara-admin/vendor/laravel/framework/src/Illuminate/Database/Connectors/ConnectionFactory.php(220): Illuminate/Database/Connectors/PostgresConnector->connect()
#4 [internal function]: Illuminate/Database/Connectors/ConnectionFactory->{closure:Illuminate/Database/Connectors/ConnectionFactory::createPdoResolverWithHosts():213}()
#5 D:/Spencer/Downloads/tara-admin/vendor/laravel/framework/src/Illuminate/Database/Connection.php(1297): call_user_func()
#6 D:/Spencer/Downloads/tara-admin/vendor/laravel/framework/src/Illuminate/Database/Connection.php(1335): Illuminate/Database/Connection->getPdo()
#7 D:/Spencer/Downloads/tara-admin/vendor/laravel/framework/src/Illuminate/Database/Connection.php(542): Illuminate/Database/Connection->getReadPdo()
#8 D:/Spencer/Downloads/tara-admin/vendor/laravel/framework/src/Illuminate/Database/Connection.php(435): Illuminate/Database/Connection->getPdoForSelect()
#9 D:/Spencer/Downloads/tara-admin/vendor/laravel/framework/src/Illuminate/Database/Connection.php(846): Illuminate/Database/Connection->{closure:Illuminate/Database/Connection::select():426}()
#10 D:/Spencer/Downloads/tara-admin/vendor/laravel/framework/src/Illuminate/Database/Connection.php(813): Illuminate/Database/Connection->runQueryCallback()
#11 D:/Spencer/Downloads/tara-admin/vendor/laravel/framework/src/Illuminate/Database/Connection.php(426): Illuminate/Database/Connection->run()
#12 D:/Spencer/Downloads/tara-admin/vendor/laravel/framework/src/Illuminate/Database/Query/Builder.php(3573): Illuminate/Database/Connection->select()
#13 D:/Spencer/Downloads/tara-admin/vendor/laravel/framework/src/Illuminate/Database/Query/Builder.php(3557): Illuminate/Database/Query/Builder->runSelect()
#14 D:/Spencer/Downloads/tara-admin/vendor/laravel/framework/src/Illuminate/Database/Eloquent/Builder.php(908): Illuminate/Database/Query/Builder->get()
#15 D:/Spencer/Downloads/tara-admin/vendor/laravel/framework/src/Illuminate/Database/Eloquent/Builder.php(890): Illuminate/Database/Eloquent/Builder->getModels()
#16 D:/Spencer/Downloads/tara-admin/vendor/laravel/framework/src/Illuminate/Database/Concerns/BuildsQueries.php(366): Illuminate/Database/Eloquent/Builder->get()
#17 D:/Spencer/Downloads/tara-admin/vendor/laravel/framework/src/Illuminate/Auth/EloquentUserProvider.php(138): Illuminate/Database/Eloquent/Builder->first()
#18 D:/Spencer/Downloads/tara-admin/vendor/laravel/framework/src/Illuminate/Auth/SessionGuard.php(424): Illuminate/Auth/EloquentUserProvider->retrieveByCredentials()
#19 D:/Spencer/Downloads/tara-admin/vendor/laravel/framework/src/Illuminate/Support/Timebox.php(34): Illuminate/Auth/SessionGuard->{closure:Illuminate/Auth/SessionGuard::attempt():421}()
#20 D:/Spencer/Downloads/tara-admin/vendor/laravel/framework/src/Illuminate/Auth/SessionGuard.php(421): Illuminate/Support/Timebox->call()
#21 D:/Spencer/Downloads/tara-admin/app/Http/Controllers/Admin/AuthController.php(24): Illuminate/Auth/SessionGuard->attempt()
#22 D:/Spencer/Downloads/tara-admin/vendor/laravel/framework/src/Illuminate/Routing/ControllerDispatcher.php(46): App/Http/Controllers/Admin/AuthController->login()
#23 D:/Spencer/Downloads/tara-admin/vendor/laravel/framework/src/Illuminate/Routing/Route.php(276): Illuminate/Routing/ControllerDispatcher->dispatch()
#24 D:/Spencer/Downloads/tara-admin/vendor/laravel/framework/src/Illuminate/Routing/Route.php(216): Illuminate/Routing/Route->runController()
#25 D:/Spencer/Downloads/tara-admin/vendor/laravel/framework/src/Illuminate/Routing/Router.php(822): Illuminate/Routing/Route->run()
#26 D:/Spencer/Downloads/tara-admin/vendor/laravel/framework/src/Illuminate/Pipeline/Pipeline.php(180): Illuminate/Routing/Router->{closure:Illuminate/Routing/Router::runRouteWithinStack():821}()
#27 D:/Spencer/Downloads/tara-admin/app/Http/Middleware/RedirectIfAdminAuthenticated.php(25): Illuminate/Pipeline/Pipeline->{closure:Illuminate/Pipeline/Pipeline::prepareDestination():178}()
#28 D:/Spencer/Downloads/tara-admin/vendor/laravel/framework/src/Illuminate/Pipeline/Pipeline.php(219): App/Http/Middleware/RedirectIfAdminAuthenticated->handle()
#29 D:/Spencer/Downloads/tara-admin/vendor/laravel/framework/src/Illuminate/Routing/Middleware/SubstituteBindings.php(52): Illuminate/Pipeline/Pipeline->{closure:{closure:Illuminate/Pipeline/Pipeline::carry():194}:195}()
#30 D:/Spencer/Downloads/tara-admin/vendor/laravel/framework/src/Illuminate/Pipeline/Pipeline.php(219): Illuminate/Routing/Middleware/SubstituteBindings->handle()
#31 D:/Spencer/Downloads/tara-admin/vendor/laravel/framework/src/Illuminate/Foundation/Http/Middleware/PreventRequestForgery.php(104): Illuminate/Pipeline/Pipeline->{closure:{closure:Illuminate/Pipeline/Pipeline::carry():194}:195}()
#32 D:/Spencer/Downloads/tara-admin/vendor/laravel/framework/src/Illuminate/Pipeline/Pipeline.php(219): Illuminate/Foundation/Http/Middleware/PreventRequestForgery->handle()
#33 D:/Spencer/Downloads/tara-admin/vendor/laravel/framework/src/Illuminate/View/Middleware/ShareErrorsFromSession.php(48): Illuminate/Pipeline/Pipeline->{closure:{closure:Illuminate/Pipeline/Pipeline::carry():194}:195}()
#34 D:/Spencer/Downloads/tara-admin/vendor/laravel/framework/src/Illuminate/Pipeline/Pipeline.php(219): Illuminate/View/Middleware/ShareErrorsFromSession->handle()
#35 D:/Spencer/Downloads/tara-admin/vendor/laravel/framework/src/Illuminate/Session/Middleware/StartSession.php(120): Illuminate/Pipeline/Pipeline->{closure:{closure:Illuminate/Pipeline/Pipeline::carry():194}:195}()
#36 D:/Spencer/Downloads/tara-admin/vendor/laravel/framework/src/Illuminate/Session/Middleware/StartSession.php(63): Illuminate/Session/Middleware/StartSession->handleStatefulRequest()
#37 D:/Spencer/Downloads/tara-admin/vendor/laravel/framework/src/Illuminate/Pipeline/Pipeline.php(219): Illuminate/Session/Middleware/StartSession->handle()
#38 D:/Spencer/Downloads/tara-admin/vendor/laravel/framework/src/Illuminate/Cookie/Middleware/AddQueuedCookiesToResponse.php(36): Illuminate/Pipeline/Pipeline->{closure:{closure:Illuminate/Pipeline/Pipeline::carry():194}:195}()
#39 D:/Spencer/Downloads/tara-admin/vendor/laravel/framework/src/Illuminate/Pipeline/Pipeline.php(219): Illuminate/Cookie/Middleware/AddQueuedCookiesToResponse->handle()
#40 D:/Spencer/Downloads/tara-admin/vendor/laravel/framework/src/Illuminate/Cookie/Middleware/EncryptCookies.php(74): Illuminate/Pipeline/Pipeline->{closure:{closure:Illuminate/Pipeline/Pipeline::carry():194}:195}()
#41 D:/Spencer/Downloads/tara-admin/vendor/laravel/framework/src/Illuminate/Pipeline/Pipeline.php(219): Illuminate/Cookie/Middleware/EncryptCookies->handle()
#42 D:/Spencer/Downloads/tara-admin/vendor/laravel/framework/src/Illuminate/Pipeline/Pipeline.php(137): Illuminate/Pipeline/Pipeline->{closure:{closure:Illuminate/Pipeline/Pipeline::carry():194}:195}()
#43 D:/Spencer/Downloads/tara-admin/vendor/laravel/framework/src/Illuminate/Routing/Router.php(821): Illuminate/Pipeline/Pipeline->then()
#44 D:/Spencer/Downloads/tara-admin/vendor/laravel/framework/src/Illuminate/Routing/Router.php(800): Illuminate/Routing/Router->runRouteWithinStack()
#45 D:/Spencer/Downloads/tara-admin/vendor/laravel/framework/src/Illuminate/Routing/Router.php(764): Illuminate/Routing/Router->runRoute()
#46 D:/Spencer/Downloads/tara-admin/vendor/laravel/framework/src/Illuminate/Routing/Router.php(753): Illuminate/Routing/Router->dispatchToRoute()
#47 D:/Spencer/Downloads/tara-admin/vendor/laravel/framework/src/Illuminate/Foundation/Http/Kernel.php(200): Illuminate/Routing/Router->dispatch()
#48 D:/Spencer/Downloads/tara-admin/vendor/laravel/framework/src/Illuminate/Pipeline/Pipeline.php(180): Illuminate/Foundation/Http/Kernel->{closure:Illuminate/Foundation/Http/Kernel::dispatchToRouter():197}()
#49 D:/Spencer/Downloads/tara-admin/vendor/laravel/framework/src/Illuminate/Foundation/Http/Middleware/TransformsRequest.php(21): Illuminate/Pipeline/Pipeline->{closure:Illuminate/Pipeline/Pipeline::prepareDestination():178}()
#50 D:/Spencer/Downloads/tara-admin/vendor/laravel/framework/src/Illuminate/Foundation/Http/Middleware/ConvertEmptyStringsToNull.php(31): Illuminate/Foundation/Http/Middleware/TransformsRequest->handle()
#51 D:/Spencer/Downloads/tara-admin/vendor/laravel/framework/src/Illuminate/Pipeline/Pipeline.php(219): Illuminate/Foundation/Http/Middleware/ConvertEmptyStringsToNull->handle()
#52 D:/Spencer/Downloads/tara-admin/vendor/laravel/framework/src/Illuminate/Foundation/Http/Middleware/TransformsRequest.php(21): Illuminate/Pipeline/Pipeline->{closure:{closure:Illuminate/Pipeline/Pipeline::carry():194}:195}()
#53 D:/Spencer/Downloads/tara-admin/vendor/laravel/framework/src/Illuminate/Foundation/Http/Middleware/TrimStrings.php(51): Illuminate/Foundation/Http/Middleware/TransformsRequest->handle()
#54 D:/Spencer/Downloads/tara-admin/vendor/laravel/framework/src/Illuminate/Pipeline/Pipeline.php(219): Illuminate/Foundation/Http/Middleware/TrimStrings->handle()
#55 D:/Spencer/Downloads/tara-admin/vendor/laravel/framework/src/Illuminate/Http/Middleware/ValidatePostSize.php(27): Illuminate/Pipeline/Pipeline->{closure:{closure:Illuminate/Pipeline/Pipeline::carry():194}:195}()
#56 D:/Spencer/Downloads/tara-admin/vendor/laravel/framework/src/Illuminate/Pipeline/Pipeline.php(219): Illuminate/Http/Middleware/ValidatePostSize->handle()
#57 D:/Spencer/Downloads/tara-admin/vendor/laravel/framework/src/Illuminate/Foundation/Http/Middleware/PreventRequestsDuringMaintenance.php(110): Illuminate/Pipeline/Pipeline->{closure:{closure:Illuminate/Pipeline/Pipeline::carry():194}:195}()
#58 D:/Spencer/Downloads/tara-admin/vendor/laravel/framework/src/Illuminate/Pipeline/Pipeline.php(219): Illuminate/Foundation/Http/Middleware/PreventRequestsDuringMaintenance->handle()
#59 D:/Spencer/Downloads/tara-admin/vendor/laravel/framework/src/Illuminate/Http/Middleware/HandleCors.php(61): Illuminate/Pipeline/Pipeline->{closure:{closure:Illuminate/Pipeline/Pipeline::carry():194}:195}()
#60 D:/Spencer/Downloads/tara-admin/vendor/laravel/framework/src/Illuminate/Pipeline/Pipeline.php(219): Illuminate/Http/Middleware/HandleCors->handle()
#61 D:/Spencer/Downloads/tara-admin/vendor/laravel/framework/src/Illuminate/Http/Middleware/TrustProxies.php(58): Illuminate/Pipeline/Pipeline->{closure:{closure:Illuminate/Pipeline/Pipeline::carry():194}:195}()
#62 D:/Spencer/Downloads/tara-admin/vendor/laravel/framework/src/Illuminate/Pipeline/Pipeline.php(219): Illuminate/Http/Middleware/TrustProxies->handle()
#63 D:/Spencer/Downloads/tara-admin/vendor/laravel/framework/src/Illuminate/Foundation/Http/Middleware/InvokeDeferredCallbacks.php(22): Illuminate/Pipeline/Pipeline->{closure:{closure:Illuminate/Pipeline/Pipeline::carry():194}:195}()
#64 D:/Spencer/Downloads/tara-admin/vendor/laravel/framework/src/Illuminate/Pipeline/Pipeline.php(219): Illuminate/Foundation/Http/Middleware/InvokeDeferredCallbacks->handle()
#65 D:/Spencer/Downloads/tara-admin/vendor/laravel/framework/src/Illuminate/Http/Middleware/ValidatePathEncoding.php(28): Illuminate/Pipeline/Pipeline->{closure:{closure:Illuminate/Pipeline/Pipeline::carry():194}:195}()
#66 D:/Spencer/Downloads/tara-admin/vendor/laravel/framework/src/Illuminate/Pipeline/Pipeline.php(219): Illuminate/Http/Middleware/ValidatePathEncoding->handle()
#67 D:/Spencer/Downloads/tara-admin/vendor/laravel/framework/src/Illuminate/Pipeline/Pipeline.php(137): Illuminate/Pipeline/Pipeline->{closure:{closure:Illuminate/Pipeline/Pipeline::carry():194}:195}()
#68 D:/Spencer/Downloads/tara-admin/vendor/laravel/framework/src/Illuminate/Foundation/Http/Kernel.php(175): Illuminate/Pipeline/Pipeline->then()
#69 D:/Spencer/Downloads/tara-admin/vendor/laravel/framework/src/Illuminate/Foundation/Http/Kernel.php(144): Illuminate/Foundation/Http/Kernel->sendRequestThroughRouter()
#70 D:/Spencer/Downloads/tara-admin/vendor/laravel/framework/src/Illuminate/Foundation/Application.php(1227): Illuminate/Foundation/Http/Kernel->handle()
#71 D:/Spencer/Downloads/tara-admin/public/index.php(20): Illuminate/Foundation/Application->handleRequest()
#72 D:/Spencer/Downloads/tara-admin/vendor/laravel/framework/src/Illuminate/Foundation/resources/server.php(23): require_once('...')
#73 {main}
"} 
[2026-09-11 07:02:38] local.ERROR: could not find driver (Connection: pgsql_admin, Host: aws-0-ap-southeast-1.pooler.supabase.com, Port: 6543, Database: postgres, SQL: select * from "admin_users" where "email" = test.user.20260911@example.com limit 1) {"exception":"[object] (Illuminate\\Database\\QueryException(code: 0): could not find driver (Connection: pgsql_admin, Host: aws-0-ap-southeast-1.pooler.supabase.com, Port: 6543, Database: postgres, SQL: select * from \"admin_users\" where \"email\" = test.user.20260911@example.com limit 1) at D:/Spencer/Downloads/tara-admin/vendor/laravel/framework/src/Illuminate/Database/Connection.php:857)
[stacktrace]
#0 D:/Spencer/Downloads/tara-admin/vendor/laravel/framework/src/Illuminate/Database/Connection.php(813): Illuminate/Database/Connection->runQueryCallback()
#1 D:/Spencer/Downloads/tara-admin/vendor/laravel/framework/src/Illuminate/Database/Connection.php(426): Illuminate/Database/Connection->run()
#2 D:/Spencer/Downloads/tara-admin/vendor/laravel/framework/src/Illuminate/Database/Query/Builder.php(3573): Illuminate/Database/Connection->select()
#3 D:/Spencer/Downloads/tara-admin/vendor/laravel/framework/src/Illuminate/Database/Query/Builder.php(3557): Illuminate/Database/Query/Builder->runSelect()
#4 D:/Spencer/Downloads/tara-admin/vendor/laravel/framework/src/Illuminate/Database/Eloquent/Builder.php(908): Illuminate/Database/Query/Builder->get()
#5 D:/Spencer/Downloads/tara-admin/vendor/laravel/framework/src/Illuminate/Database/Eloquent/Builder.php(890): Illuminate/Database/Eloquent/Builder->getModels()
#6 D:/Spencer/Downloads/tara-admin/vendor/laravel/framework/src/Illuminate/Database/Concerns/BuildsQueries.php(366): Illuminate/Database/Eloquent/Builder->get()
#7 D:/Spencer/Downloads/tara-admin/vendor/laravel/framework/src/Illuminate/Auth/EloquentUserProvider.php(138): Illuminate/Database/Eloquent/Builder->first()
#8 D:/Spencer/Downloads/tara-admin/vendor/laravel/framework/src/Illuminate/Auth/SessionGuard.php(424): Illuminate/Auth/EloquentUserProvider->retrieveByCredentials()
#9 D:/Spencer/Downloads/tara-admin/vendor/laravel/framework/src/Illuminate/Support/Timebox.php(34): Illuminate/Auth/SessionGuard->{closure:Illuminate/Auth/SessionGuard::attempt():421}()
#10 D:/Spencer/Downloads/tara-admin/vendor/laravel/framework/src/Illuminate/Auth/SessionGuard.php(421): Illuminate/Support/Timebox->call()
#11 D:/Spencer/Downloads/tara-admin/app/Http/Controllers/Admin/AuthController.php(24): Illuminate/Auth/SessionGuard->attempt()
#12 D:/Spencer/Downloads/tara-admin/vendor/laravel/framework/src/Illuminate/Routing/ControllerDispatcher.php(46): App/Http/Controllers/Admin/AuthController->login()
#13 D:/Spencer/Downloads/tara-admin/vendor/laravel/framework/src/Illuminate/Routing/Route.php(276): Illuminate/Routing/ControllerDispatcher->dispatch()
#14 D:/Spencer/Downloads/tara-admin/vendor/laravel/framework/src/Illuminate/Routing/Route.php(216): Illuminate/Routing/Route->runController()
#15 D:/Spencer/Downloads/tara-admin/vendor/laravel/framework/src/Illuminate/Routing/Router.php(822): Illuminate/Routing/Route->run()
#16 D:/Spencer/Downloads/tara-admin/vendor/laravel/framework/src/Illuminate/Pipeline/Pipeline.php(180): Illuminate/Routing/Router->{closure:Illuminate/Routing/Router::runRouteWithinStack():821}()
#17 D:/Spencer/Downloads/tara-admin/app/Http/Middleware/RedirectIfAdminAuthenticated.php(25): Illuminate/Pipeline/Pipeline->{closure:Illuminate/Pipeline/Pipeline::prepareDestination():178}()
#18 D:/Spencer/Downloads/tara-admin/vendor/laravel/framework/src/Illuminate/Pipeline/Pipeline.php(219): App/Http/Middleware/RedirectIfAdminAuthenticated->handle()
#19 D:/Spencer/Downloads/tara-admin/vendor/laravel/framework/src/Illuminate/Routing/Middleware/SubstituteBindings.php(52): Illuminate/Pipeline/Pipeline->{closure:{closure:Illuminate/Pipeline/Pipeline::carry():194}:195}()
#20 D:/Spencer/Downloads/tara-admin/vendor/laravel/framework/src/Illuminate/Pipeline/Pipeline.php(219): Illuminate/Routing/Middleware/SubstituteBindings->handle()
#21 D:/Spencer/Downloads/tara-admin/vendor/laravel/framework/src/Illuminate/Foundation/Http/Middleware/PreventRequestForgery.php(104): Illuminate/Pipeline/Pipeline->{closure:{closure:Illuminate/Pipeline/Pipeline::carry():194}:195}()
#22 D:/Spencer/Downloads/tara-admin/vendor/laravel/framework/src/Illuminate/Pipeline/Pipeline.php(219): Illuminate/Foundation/Http/Middleware/PreventRequestForgery->handle()
#23 D:/Spencer/Downloads/tara-admin/vendor/laravel/framework/src/Illuminate/View/Middleware/ShareErrorsFromSession.php(48): Illuminate/Pipeline/Pipeline->{closure:{closure:Illuminate/Pipeline/Pipeline::carry():194}:195}()
#24 D:/Spencer/Downloads/tara-admin/vendor/laravel/framework/src/Illuminate/Pipeline/Pipeline.php(219): Illuminate/View/Middleware/ShareErrorsFromSession->handle()
#25 D:/Spencer/Downloads/tara-admin/vendor/laravel/framework/src/Illuminate/Session/Middleware/StartSession.php(120): Illuminate/Pipeline/Pipeline->{closure:{closure:Illuminate/Pipeline/Pipeline::carry():194}:195}()
#26 D:/Spencer/Downloads/tara-admin/vendor/laravel/framework/src/Illuminate/Session/Middleware/StartSession.php(63): Illuminate/Session/Middleware/StartSession->handleStatefulRequest()
#27 D:/Spencer/Downloads/tara-admin/vendor/laravel/framework/src/Illuminate/Pipeline/Pipeline.php(219): Illuminate/Session/Middleware/StartSession->handle()
#28 D:/Spencer/Downloads/tara-admin/vendor/laravel/framework/src/Illuminate/Cookie/Middleware/AddQueuedCookiesToResponse.php(36): Illuminate/Pipeline/Pipeline->{closure:{closure:Illuminate/Pipeline/Pipeline::carry():194}:195}()
#29 D:/Spencer/Downloads/tara-admin/vendor/laravel/framework/src/Illuminate/Pipeline/Pipeline.php(219): Illuminate/Cookie/Middleware/AddQueuedCookiesToResponse->handle()
#30 D:/Spencer/Downloads/tara-admin/vendor/laravel/framework/src/Illuminate/Cookie/Middleware/EncryptCookies.php(74): Illuminate/Pipeline/Pipeline->{closure:{closure:Illuminate/Pipeline/Pipeline::carry():194}:195}()
#31 D:/Spencer/Downloads/tara-admin/vendor/laravel/framework/src/Illuminate/Pipeline/Pipeline.php(219): Illuminate/Cookie/Middleware/EncryptCookies->handle()
#32 D:/Spencer/Downloads/tara-admin/vendor/laravel/framework/src/Illuminate/Pipeline/Pipeline.php(137): Illuminate/Pipeline/Pipeline->{closure:{closure:Illuminate/Pipeline/Pipeline::carry():194}:195}()
#33 D:/Spencer/Downloads/tara-admin/vendor/laravel/framework/src/Illuminate/Routing/Router.php(821): Illuminate/Pipeline/Pipeline->then()
#34 D:/Spencer/Downloads/tara-admin/vendor/laravel/framework/src/Illuminate/Routing/Router.php(800): Illuminate/Routing/Router->runRouteWithinStack()
#35 D:/Spencer/Downloads/tara-admin/vendor/laravel/framework/src/Illuminate/Routing/Router.php(764): Illuminate/Routing/Router->runRoute()
#36 D:/Spencer/Downloads/tara-admin/vendor/laravel/framework/src/Illuminate/Routing/Router.php(753): Illuminate/Routing/Router->dispatchToRoute()
#37 D:/Spencer/Downloads/tara-admin/vendor/laravel/framework/src/Illuminate/Foundation/Http/Kernel.php(200): Illuminate/Routing/Router->dispatch()
#38 D:/Spencer/Downloads/tara-admin/vendor/laravel/framework/src/Illuminate/Pipeline/Pipeline.php(180): Illuminate/Foundation/Http/Kernel->{closure:Illuminate/Foundation/Http/Kernel::dispatchToRouter():197}()
#39 D:/Spencer/Downloads/tara-admin/vendor/laravel/framework/src/Illuminate/Foundation/Http/Middleware/TransformsRequest.php(21): Illuminate/Pipeline/Pipeline->{closure:Illuminate/Pipeline/Pipeline::prepareDestination():178}()
#40 D:/Spencer/Downloads/tara-admin/vendor/laravel/framework/src/Illuminate/Foundation/Http/Middleware/ConvertEmptyStringsToNull.php(31): Illuminate/Foundation/Http/Middleware/TransformsRequest->handle()
#41 D:/Spencer/Downloads/tara-admin/vendor/laravel/framework/src/Illuminate/Pipeline/Pipeline.php(219): Illuminate/Foundation/Http/Middleware/ConvertEmptyStringsToNull->handle()
#42 D:/Spencer/Downloads/tara-admin/vendor/laravel/framework/src/Illuminate/Foundation/Http/Middleware/TransformsRequest.php(21): Illuminate/Pipeline/Pipeline->{closure:{closure:Illuminate/Pipeline/Pipeline::carry():194}:195}()
#43 D:/Spencer/Downloads/tara-admin/vendor/laravel/framework/src/Illuminate/Foundation/Http/Middleware/TrimStrings.php(51): Illuminate/Foundation/Http/Middleware/TransformsRequest->handle()
#44 D:/Spencer/Downloads/tara-admin/vendor/laravel/framework/src/Illuminate/Pipeline/Pipeline.php(219): Illuminate/Foundation/Http/Middleware/TrimStrings->handle()
#45 D:/Spencer/Downloads/tara-admin/vendor/laravel/framework/src/Illuminate/Http/Middleware/ValidatePostSize.php(27): Illuminate/Pipeline/Pipeline->{closure:{closure:Illuminate/Pipeline/Pipeline::carry():194}:195}()
#46 D:/Spencer/Downloads/tara-admin/vendor/laravel/framework/src/Illuminate/Pipeline/Pipeline.php(219): Illuminate/Http/Middleware/ValidatePostSize->handle()
#47 D:/Spencer/Downloads/tara-admin/vendor/laravel/framework/src/Illuminate/Foundation/Http/Middleware/PreventRequestsDuringMaintenance.php(110): Illuminate/Pipeline/Pipeline->{closure:{closure:Illuminate/Pipeline/Pipeline::carry():194}:195}()
#48 D:/Spencer/Downloads/tara-admin/vendor/laravel/framework/src/Illuminate/Pipeline/Pipeline.php(219): Illuminate/Foundation/Http/Middleware/PreventRequestsDuringMaintenance->handle()
#49 D:/Spencer/Downloads/tara-admin/vendor/laravel/framework/src/Illuminate/Http/Middleware/HandleCors.php(61): Illuminate/Pipeline/Pipeline->{closure:{closure:Illuminate/Pipeline/Pipeline::carry():194}:195}()
#50 D:/Spencer/Downloads/tara-admin/vendor/laravel/framework/src/Illuminate/Pipeline/Pipeline.php(219): Illuminate/Http/Middleware/HandleCors->handle()
#51 D:/Spencer/Downloads/tara-admin/vendor/laravel/framework/src/Illuminate/Http/Middleware/TrustProxies.php(58): Illuminate/Pipeline/Pipeline->{closure:{closure:Illuminate/Pipeline/Pipeline::carry():194}:195}()
#52 D:/Spencer/Downloads/tara-admin/vendor/laravel/framework/src/Illuminate/Pipeline/Pipeline.php(219): Illuminate/Http/Middleware/TrustProxies->handle()
#53 D:/Spencer/Downloads/tara-admin/vendor/laravel/framework/src/Illuminate/Foundation/Http/Middleware/InvokeDeferredCallbacks.php(22): Illuminate/Pipeline/Pipeline->{closure:{closure:Illuminate/Pipeline/Pipeline::carry():194}:195}()
#54 D:/Spencer/Downloads/tara-admin/vendor/laravel/framework/src/Illuminate/Pipeline/Pipeline.php(219): Illuminate/Foundation/Http/Middleware/InvokeDeferredCallbacks->handle()
#55 D:/Spencer/Downloads/tara-admin/vendor/laravel/framework/src/Illuminate/Http/Middleware/ValidatePathEncoding.php(28): Illuminate/Pipeline/Pipeline->{closure:{closure:Illuminate/Pipeline/Pipeline::carry():194}:195}()
#56 D:/Spencer/Downloads/tara-admin/vendor/laravel/framework/src/Illuminate/Pipeline/Pipeline.php(219): Illuminate/Http/Middleware/ValidatePathEncoding->handle()
#57 D:/Spencer/Downloads/tara-admin/vendor/laravel/framework/src/Illuminate/Pipeline/Pipeline.php(137): Illuminate/Pipeline/Pipeline->{closure:{closure:Illuminate/Pipeline/Pipeline::carry():194}:195}()
#58 D:/Spencer/Downloads/tara-admin/vendor/laravel/framework/src/Illuminate/Foundation/Http/Kernel.php(175): Illuminate/Pipeline/Pipeline->then()
#59 D:/Spencer/Downloads/tara-admin/vendor/laravel/framework/src/Illuminate/Foundation/Http/Kernel.php(144): Illuminate/Foundation/Http/Kernel->sendRequestThroughRouter()
#60 D:/Spencer/Downloads/tara-admin/vendor/laravel/framework/src/Illuminate/Foundation/Application.php(1227): Illuminate/Foundation/Http/Kernel->handle()
#61 D:/Spencer/Downloads/tara-admin/public/index.php(20): Illuminate/Foundation/Application->handleRequest()
#62 D:/Spencer/Downloads/tara-admin/vendor/laravel/framework/src/Illuminate/Foundation/resources/server.php(23): require_once('...')
#63 {main}

[previous exception] [object] (PDOException(code: 0): could not find driver at D:/Spencer/Downloads/tara-admin/vendor/laravel/framework/src/Illuminate/Database/Connectors/Connector.php:67)
[stacktrace]
#0 D:/Spencer/Downloads/tara-admin/vendor/laravel/framework/src/Illuminate/Database/Connectors/Connector.php(67): PDO::connect()
#1 D:/Spencer/Downloads/tara-admin/vendor/laravel/framework/src/Illuminate/Database/Connectors/Connector.php(44): Illuminate/Database/Connectors/Connector->createPdoConnection()
#2 D:/Spencer/Downloads/tara-admin/vendor/laravel/framework/src/Illuminate/Database/Connectors/PostgresConnector.php(35): Illuminate/Database/Connectors/Connector->createConnection()
#3 D:/Spencer/Downloads/tara-admin/vendor/laravel/framework/src/Illuminate/Database/Connectors/ConnectionFactory.php(220): Illuminate/Database/Connectors/PostgresConnector->connect()
#4 [internal function]: Illuminate/Database/Connectors/ConnectionFactory->{closure:Illuminate/Database/Connectors/ConnectionFactory::createPdoResolverWithHosts():213}()
#5 D:/Spencer/Downloads/tara-admin/vendor/laravel/framework/src/Illuminate/Database/Connection.php(1297): call_user_func()
#6 D:/Spencer/Downloads/tara-admin/vendor/laravel/framework/src/Illuminate/Database/Connection.php(1335): Illuminate/Database/Connection->getPdo()
#7 D:/Spencer/Downloads/tara-admin/vendor/laravel/framework/src/Illuminate/Database/Connection.php(542): Illuminate/Database/Connection->getReadPdo()
#8 D:/Spencer/Downloads/tara-admin/vendor/laravel/framework/src/Illuminate/Database/Connection.php(435): Illuminate/Database/Connection->getPdoForSelect()
#9 D:/Spencer/Downloads/tara-admin/vendor/laravel/framework/src/Illuminate/Database/Connection.php(846): Illuminate/Database/Connection->{closure:Illuminate/Database/Connection::select():426}()
#10 D:/Spencer/Downloads/tara-admin/vendor/laravel/framework/src/Illuminate/Database/Connection.php(813): Illuminate/Database/Connection->runQueryCallback()
#11 D:/Spencer/Downloads/tara-admin/vendor/laravel/framework/src/Illuminate/Database/Connection.php(426): Illuminate/Database/Connection->run()
#12 D:/Spencer/Downloads/tara-admin/vendor/laravel/framework/src/Illuminate/Database/Query/Builder.php(3573): Illuminate/Database/Connection->select()
#13 D:/Spencer/Downloads/tara-admin/vendor/laravel/framework/src/Illuminate/Database/Query/Builder.php(3557): Illuminate/Database/Query/Builder->runSelect()
#14 D:/Spencer/Downloads/tara-admin/vendor/laravel/framework/src/Illuminate/Database/Eloquent/Builder.php(908): Illuminate/Database/Query/Builder->get()
#15 D:/Spencer/Downloads/tara-admin/vendor/laravel/framework/src/Illuminate/Database/Eloquent/Builder.php(890): Illuminate/Database/Eloquent/Builder->getModels()
#16 D:/Spencer/Downloads/tara-admin/vendor/laravel/framework/src/Illuminate/Database/Concerns/BuildsQueries.php(366): Illuminate/Database/Eloquent/Builder->get()
#17 D:/Spencer/Downloads/tara-admin/vendor/laravel/framework/src/Illuminate/Auth/EloquentUserProvider.php(138): Illuminate/Database/Eloquent/Builder->first()
#18 D:/Spencer/Downloads/tara-admin/vendor/laravel/framework/src/Illuminate/Auth/SessionGuard.php(424): Illuminate/Auth/EloquentUserProvider->retrieveByCredentials()
#19 D:/Spencer/Downloads/tara-admin/vendor/laravel/framework/src/Illuminate/Support/Timebox.php(34): Illuminate/Auth/SessionGuard->{closure:Illuminate/Auth/SessionGuard::attempt():421}()
#20 D:/Spencer/Downloads/tara-admin/vendor/laravel/framework/src/Illuminate/Auth/SessionGuard.php(421): Illuminate/Support/Timebox->call()
#21 D:/Spencer/Downloads/tara-admin/app/Http/Controllers/Admin/AuthController.php(24): Illuminate/Auth/SessionGuard->attempt()
#22 D:/Spencer/Downloads/tara-admin/vendor/laravel/framework/src/Illuminate/Routing/ControllerDispatcher.php(46): App/Http/Controllers/Admin/AuthController->login()
#23 D:/Spencer/Downloads/tara-admin/vendor/laravel/framework/src/Illuminate/Routing/Route.php(276): Illuminate/Routing/ControllerDispatcher->dispatch()
#24 D:/Spencer/Downloads/tara-admin/vendor/laravel/framework/src/Illuminate/Routing/Route.php(216): Illuminate/Routing/Route->runController()
#25 D:/Spencer/Downloads/tara-admin/vendor/laravel/framework/src/Illuminate/Routing/Router.php(822): Illuminate/Routing/Route->run()
#26 D:/Spencer/Downloads/tara-admin/vendor/laravel/framework/src/Illuminate/Pipeline/Pipeline.php(180): Illuminate/Routing/Router->{closure:Illuminate/Routing/Router::runRouteWithinStack():821}()
#27 D:/Spencer/Downloads/tara-admin/app/Http/Middleware/RedirectIfAdminAuthenticated.php(25): Illuminate/Pipeline/Pipeline->{closure:Illuminate/Pipeline/Pipeline::prepareDestination():178}()
#28 D:/Spencer/Downloads/tara-admin/vendor/laravel/framework/src/Illuminate/Pipeline/Pipeline.php(219): App/Http/Middleware/RedirectIfAdminAuthenticated->handle()
#29 D:/Spencer/Downloads/tara-admin/vendor/laravel/framework/src/Illuminate/Routing/Middleware/SubstituteBindings.php(52): Illuminate/Pipeline/Pipeline->{closure:{closure:Illuminate/Pipeline/Pipeline::carry():194}:195}()
#30 D:/Spencer/Downloads/tara-admin/vendor/laravel/framework/src/Illuminate/Pipeline/Pipeline.php(219): Illuminate/Routing/Middleware/SubstituteBindings->handle()
#31 D:/Spencer/Downloads/tara-admin/vendor/laravel/framework/src/Illuminate/Foundation/Http/Middleware/PreventRequestForgery.php(104): Illuminate/Pipeline/Pipeline->{closure:{closure:Illuminate/Pipeline/Pipeline::carry():194}:195}()
#32 D:/Spencer/Downloads/tara-admin/vendor/laravel/framework/src/Illuminate/Pipeline/Pipeline.php(219): Illuminate/Foundation/Http/Middleware/PreventRequestForgery->handle()
#33 D:/Spencer/Downloads/tara-admin/vendor/laravel/framework/src/Illuminate/View/Middleware/ShareErrorsFromSession.php(48): Illuminate/Pipeline/Pipeline->{closure:{closure:Illuminate/Pipeline/Pipeline::carry():194}:195}()
#34 D:/Spencer/Downloads/tara-admin/vendor/laravel/framework/src/Illuminate/Pipeline/Pipeline.php(219): Illuminate/View/Middleware/ShareErrorsFromSession->handle()
#35 D:/Spencer/Downloads/tara-admin/vendor/laravel/framework/src/Illuminate/Session/Middleware/StartSession.php(120): Illuminate/Pipeline/Pipeline->{closure:{closure:Illuminate/Pipeline/Pipeline::carry():194}:195}()
#36 D:/Spencer/Downloads/tara-admin/vendor/laravel/framework/src/Illuminate/Session/Middleware/StartSession.php(63): Illuminate/Session/Middleware/StartSession->handleStatefulRequest()
#37 D:/Spencer/Downloads/tara-admin/vendor/laravel/framework/src/Illuminate/Pipeline/Pipeline.php(219): Illuminate/Session/Middleware/StartSession->handle()
#38 D:/Spencer/Downloads/tara-admin/vendor/laravel/framework/src/Illuminate/Cookie/Middleware/AddQueuedCookiesToResponse.php(36): Illuminate/Pipeline/Pipeline->{closure:{closure:Illuminate/Pipeline/Pipeline::carry():194}:195}()
#39 D:/Spencer/Downloads/tara-admin/vendor/laravel/framework/src/Illuminate/Pipeline/Pipeline.php(219): Illuminate/Cookie/Middleware/AddQueuedCookiesToResponse->handle()
#40 D:/Spencer/Downloads/tara-admin/vendor/laravel/framework/src/Illuminate/Cookie/Middleware/EncryptCookies.php(74): Illuminate/Pipeline/Pipeline->{closure:{closure:Illuminate/Pipeline/Pipeline::carry():194}:195}()
#41 D:/Spencer/Downloads/tara-admin/vendor/laravel/framework/src/Illuminate/Pipeline/Pipeline.php(219): Illuminate/Cookie/Middleware/EncryptCookies->handle()
#42 D:/Spencer/Downloads/tara-admin/vendor/laravel/framework/src/Illuminate/Pipeline/Pipeline.php(137): Illuminate/Pipeline/Pipeline->{closure:{closure:Illuminate/Pipeline/Pipeline::carry():194}:195}()
#43 D:/Spencer/Downloads/tara-admin/vendor/laravel/framework/src/Illuminate/Routing/Router.php(821): Illuminate/Pipeline/Pipeline->then()
#44 D:/Spencer/Downloads/tara-admin/vendor/laravel/framework/src/Illuminate/Routing/Router.php(800): Illuminate/Routing/Router->runRouteWithinStack()
#45 D:/Spencer/Downloads/tara-admin/vendor/laravel/framework/src/Illuminate/Routing/Router.php(764): Illuminate/Routing/Router->runRoute()
#46 D:/Spencer/Downloads/tara-admin/vendor/laravel/framework/src/Illuminate/Routing/Router.php(753): Illuminate/Routing/Router->dispatchToRoute()
#47 D:/Spencer/Downloads/tara-admin/vendor/laravel/framework/src/Illuminate/Foundation/Http/Kernel.php(200): Illuminate/Routing/Router->dispatch()
#48 D:/Spencer/Downloads/tara-admin/vendor/laravel/framework/src/Illuminate/Pipeline/Pipeline.php(180): Illuminate/Foundation/Http/Kernel->{closure:Illuminate/Foundation/Http/Kernel::dispatchToRouter():197}()
#49 D:/Spencer/Downloads/tara-admin/vendor/laravel/framework/src/Illuminate/Foundation/Http/Middleware/TransformsRequest.php(21): Illuminate/Pipeline/Pipeline->{closure:Illuminate/Pipeline/Pipeline::prepareDestination():178}()
#50 D:/Spencer/Downloads/tara-admin/vendor/laravel/framework/src/Illuminate/Foundation/Http/Middleware/ConvertEmptyStringsToNull.php(31): Illuminate/Foundation/Http/Middleware/TransformsRequest->handle()
#51 D:/Spencer/Downloads/tara-admin/vendor/laravel/framework/src/Illuminate/Pipeline/Pipeline.php(219): Illuminate/Foundation/Http/Middleware/ConvertEmptyStringsToNull->handle()
#52 D:/Spencer/Downloads/tara-admin/vendor/laravel/framework/src/Illuminate/Foundation/Http/Middleware/TransformsRequest.php(21): Illuminate/Pipeline/Pipeline->{closure:{closure:Illuminate/Pipeline/Pipeline::carry():194}:195}()
#53 D:/Spencer/Downloads/tara-admin/vendor/laravel/framework/src/Illuminate/Foundation/Http/Middleware/TrimStrings.php(51): Illuminate/Foundation/Http/Middleware/TransformsRequest->handle()
#54 D:/Spencer/Downloads/tara-admin/vendor/laravel/framework/src/Illuminate/Pipeline/Pipeline.php(219): Illuminate/Foundation/Http/Middleware/TrimStrings->handle()
#55 D:/Spencer/Downloads/tara-admin/vendor/laravel/framework/src/Illuminate/Http/Middleware/ValidatePostSize.php(27): Illuminate/Pipeline/Pipeline->{closure:{closure:Illuminate/Pipeline/Pipeline::carry():194}:195}()
#56 D:/Spencer/Downloads/tara-admin/vendor/laravel/framework/src/Illuminate/Pipeline/Pipeline.php(219): Illuminate/Http/Middleware/ValidatePostSize->handle()
#57 D:/Spencer/Downloads/tara-admin/vendor/laravel/framework/src/Illuminate/Foundation/Http/Middleware/PreventRequestsDuringMaintenance.php(110): Illuminate/Pipeline/Pipeline->{closure:{closure:Illuminate/Pipeline/Pipeline::carry():194}:195}()
#58 D:/Spencer/Downloads/tara-admin/vendor/laravel/framework/src/Illuminate/Pipeline/Pipeline.php(219): Illuminate/Foundation/Http/Middleware/PreventRequestsDuringMaintenance->handle()
#59 D:/Spencer/Downloads/tara-admin/vendor/laravel/framework/src/Illuminate/Http/Middleware/HandleCors.php(61): Illuminate/Pipeline/Pipeline->{closure:{closure:Illuminate/Pipeline/Pipeline::carry():194}:195}()
#60 D:/Spencer/Downloads/tara-admin/vendor/laravel/framework/src/Illuminate/Pipeline/Pipeline.php(219): Illuminate/Http/Middleware/HandleCors->handle()
#61 D:/Spencer/Downloads/tara-admin/vendor/laravel/framework/src/Illuminate/Http/Middleware/TrustProxies.php(58): Illuminate/Pipeline/Pipeline->{closure:{closure:Illuminate/Pipeline/Pipeline::carry():194}:195}()
#62 D:/Spencer/Downloads/tara-admin/vendor/laravel/framework/src/Illuminate/Pipeline/Pipeline.php(219): Illuminate/Http/Middleware/TrustProxies->handle()
#63 D:/Spencer/Downloads/tara-admin/vendor/laravel/framework/src/Illuminate/Foundation/Http/Middleware/InvokeDeferredCallbacks.php(22): Illuminate/Pipeline/Pipeline->{closure:{closure:Illuminate/Pipeline/Pipeline::carry():194}:195}()
#64 D:/Spencer/Downloads/tara-admin/vendor/laravel/framework/src/Illuminate/Pipeline/Pipeline.php(219): Illuminate/Foundation/Http/Middleware/InvokeDeferredCallbacks->handle()
#65 D:/Spencer/Downloads/tara-admin/vendor/laravel/framework/src/Illuminate/Http/Middleware/ValidatePathEncoding.php(28): Illuminate/Pipeline/Pipeline->{closure:{closure:Illuminate/Pipeline/Pipeline::carry():194}:195}()
#66 D:/Spencer/Downloads/tara-admin/vendor/laravel/framework/src/Illuminate/Pipeline/Pipeline.php(219): Illuminate/Http/Middleware/ValidatePathEncoding->handle()
#67 D:/Spencer/Downloads/tara-admin/vendor/laravel/framework/src/Illuminate/Pipeline/Pipeline.php(137): Illuminate/Pipeline/Pipeline->{closure:{closure:Illuminate/Pipeline/Pipeline::carry():194}:195}()
#68 D:/Spencer/Downloads/tara-admin/vendor/laravel/framework/src/Illuminate/Foundation/Http/Kernel.php(175): Illuminate/Pipeline/Pipeline->then()
#69 D:/Spencer/Downloads/tara-admin/vendor/laravel/framework/src/Illuminate/Foundation/Http/Kernel.php(144): Illuminate/Foundation/Http/Kernel->sendRequestThroughRouter()
#70 D:/Spencer/Downloads/tara-admin/vendor/laravel/framework/src/Illuminate/Foundation/Application.php(1227): Illuminate/Foundation/Http/Kernel->handle()
#71 D:/Spencer/Downloads/tara-admin/public/index.php(20): Illuminate/Foundation/Application->handleRequest()
#72 D:/Spencer/Downloads/tara-admin/vendor/laravel/framework/src/Illuminate/Foundation/resources/server.php(23): require_once('...')
#73 {main}
"} 
[2026-09-11 07:20:29] local.ERROR: The D:\Spencer\Downloads\tara-admin\bootstrap\cache directory must be present and writable. {"exception":"[object] (Exception(code: 0): The D:\\Spencer\\Downloads\\tara-admin\\bootstrap\\cache directory must be present and writable. at D:/Spencer/Downloads/tara-admin/vendor/laravel/framework/src/Illuminate/Foundation/PackageManifest.php:179)
[stacktrace]
#0 D:/Spencer/Downloads/tara-admin/vendor/laravel/framework/src/Illuminate/Foundation/PackageManifest.php(132): Illuminate/Foundation/PackageManifest->write()
#1 D:/Spencer/Downloads/tara-admin/vendor/laravel/framework/src/Illuminate/Foundation/PackageManifest.php(108): Illuminate/Foundation/PackageManifest->build()
#2 D:/Spencer/Downloads/tara-admin/vendor/laravel/framework/src/Illuminate/Foundation/PackageManifest.php(90): Illuminate/Foundation/PackageManifest->getManifest()
#3 D:/Spencer/Downloads/tara-admin/vendor/laravel/framework/src/Illuminate/Foundation/PackageManifest.php(79): Illuminate/Foundation/PackageManifest->config()
#4 D:/Spencer/Downloads/tara-admin/vendor/laravel/framework/src/Illuminate/Foundation/Bootstrap/RegisterFacades.php(26): Illuminate/Foundation/PackageManifest->aliases()
#5 D:/Spencer/Downloads/tara-admin/vendor/laravel/framework/src/Illuminate/Foundation/Application.php(349): Illuminate/Foundation/Bootstrap/RegisterFacades->bootstrap()
#6 D:/Spencer/Downloads/tara-admin/vendor/laravel/framework/src/Illuminate/Foundation/Console/Kernel.php(494): Illuminate/Foundation/Application->bootstrapWith()
#7 D:/Spencer/Downloads/tara-admin/vendor/laravel/framework/src/Illuminate/Foundation/Console/Kernel.php(196): Illuminate/Foundation/Console/Kernel->bootstrap()
#8 D:/Spencer/Downloads/tara-admin/vendor/laravel/framework/src/Illuminate/Foundation/Application.php(1242): Illuminate/Foundation/Console/Kernel->handle()
#9 D:/Spencer/Downloads/tara-admin/artisan(16): Illuminate/Foundation/Application->handleCommand()
#10 {main}
"} 
[2026-09-11 07:21:22] local.ERROR: could not find driver (Connection: pgsql_admin, Host: aws-0-ap-southeast-1.pooler.supabase.com, Port: 6543, Database: postgres, SQL: select * from "admin_users" where "email" = test.user.20260911@example.com limit 1) {"exception":"[object] (Illuminate\\Database\\QueryException(code: 0): could not find driver (Connection: pgsql_admin, Host: aws-0-ap-southeast-1.pooler.supabase.com, Port: 6543, Database: postgres, SQL: select * from \"admin_users\" where \"email\" = test.user.20260911@example.com limit 1) at D:/Spencer/Downloads/tara-admin/vendor/laravel/framework/src/Illuminate/Database/Connection.php:857)
[stacktrace]
#0 D:/Spencer/Downloads/tara-admin/vendor/laravel/framework/src/Illuminate/Database/Connection.php(813): Illuminate/Database/Connection->runQueryCallback()
#1 D:/Spencer/Downloads/tara-admin/vendor/laravel/framework/src/Illuminate/Database/Connection.php(426): Illuminate/Database/Connection->run()
#2 D:/Spencer/Downloads/tara-admin/vendor/laravel/framework/src/Illuminate/Database/Query/Builder.php(3573): Illuminate/Database/Connection->select()
#3 D:/Spencer/Downloads/tara-admin/vendor/laravel/framework/src/Illuminate/Database/Query/Builder.php(3557): Illuminate/Database/Query/Builder->runSelect()
#4 D:/Spencer/Downloads/tara-admin/vendor/laravel/framework/src/Illuminate/Database/Eloquent/Builder.php(908): Illuminate/Database/Query/Builder->get()
#5 D:/Spencer/Downloads/tara-admin/vendor/laravel/framework/src/Illuminate/Database/Eloquent/Builder.php(890): Illuminate/Database/Eloquent/Builder->getModels()
#6 D:/Spencer/Downloads/tara-admin/vendor/laravel/framework/src/Illuminate/Database/Concerns/BuildsQueries.php(366): Illuminate/Database/Eloquent/Builder->get()
#7 D:/Spencer/Downloads/tara-admin/vendor/laravel/framework/src/Illuminate/Auth/EloquentUserProvider.php(138): Illuminate/Database/Eloquent/Builder->first()
#8 D:/Spencer/Downloads/tara-admin/vendor/laravel/framework/src/Illuminate/Auth/SessionGuard.php(424): Illuminate/Auth/EloquentUserProvider->retrieveByCredentials()
#9 D:/Spencer/Downloads/tara-admin/vendor/laravel/framework/src/Illuminate/Support/Timebox.php(34): Illuminate/Auth/SessionGuard->{closure:Illuminate/Auth/SessionGuard::attempt():421}()
#10 D:/Spencer/Downloads/tara-admin/vendor/laravel/framework/src/Illuminate/Auth/SessionGuard.php(421): Illuminate/Support/Timebox->call()
#11 D:/Spencer/Downloads/tara-admin/app/Http/Controllers/Admin/AuthController.php(24): Illuminate/Auth/SessionGuard->attempt()
#12 D:/Spencer/Downloads/tara-admin/vendor/laravel/framework/src/Illuminate/Routing/ControllerDispatcher.php(46): App/Http/Controllers/Admin/AuthController->login()
#13 D:/Spencer/Downloads/tara-admin/vendor/laravel/framework/src/Illuminate/Routing/Route.php(276): Illuminate/Routing/ControllerDispatcher->dispatch()
#14 D:/Spencer/Downloads/tara-admin/vendor/laravel/framework/src/Illuminate/Routing/Route.php(216): Illuminate/Routing/Route->runController()
#15 D:/Spencer/Downloads/tara-admin/vendor/laravel/framework/src/Illuminate/Routing/Router.php(822): Illuminate/Routing/Route->run()
#16 D:/Spencer/Downloads/tara-admin/vendor/laravel/framework/src/Illuminate/Pipeline/Pipeline.php(180): Illuminate/Routing/Router->{closure:Illuminate/Routing/Router::runRouteWithinStack():821}()
#17 D:/Spencer/Downloads/tara-admin/app/Http/Middleware/RedirectIfAdminAuthenticated.php(25): Illuminate/Pipeline/Pipeline->{closure:Illuminate/Pipeline/Pipeline::prepareDestination():178}()
#18 D:/Spencer/Downloads/tara-admin/vendor/laravel/framework/src/Illuminate/Pipeline/Pipeline.php(219): App/Http/Middleware/RedirectIfAdminAuthenticated->handle()
#19 D:/Spencer/Downloads/tara-admin/vendor/laravel/framework/src/Illuminate/Routing/Middleware/SubstituteBindings.php(52): Illuminate/Pipeline/Pipeline->{closure:{closure:Illuminate/Pipeline/Pipeline::carry():194}:195}()
#20 D:/Spencer/Downloads/tara-admin/vendor/laravel/framework/src/Illuminate/Pipeline/Pipeline.php(219): Illuminate/Routing/Middleware/SubstituteBindings->handle()
#21 D:/Spencer/Downloads/tara-admin/vendor/laravel/framework/src/Illuminate/Foundation/Http/Middleware/PreventRequestForgery.php(104): Illuminate/Pipeline/Pipeline->{closure:{closure:Illuminate/Pipeline/Pipeline::carry():194}:195}()
#22 D:/Spencer/Downloads/tara-admin/vendor/laravel/framework/src/Illuminate/Pipeline/Pipeline.php(219): Illuminate/Foundation/Http/Middleware/PreventRequestForgery->handle()
#23 D:/Spencer/Downloads/tara-admin/vendor/laravel/framework/src/Illuminate/View/Middleware/ShareErrorsFromSession.php(48): Illuminate/Pipeline/Pipeline->{closure:{closure:Illuminate/Pipeline/Pipeline::carry():194}:195}()
#24 D:/Spencer/Downloads/tara-admin/vendor/laravel/framework/src/Illuminate/Pipeline/Pipeline.php(219): Illuminate/View/Middleware/ShareErrorsFromSession->handle()
#25 D:/Spencer/Downloads/tara-admin/vendor/laravel/framework/src/Illuminate/Session/Middleware/StartSession.php(120): Illuminate/Pipeline/Pipeline->{closure:{closure:Illuminate/Pipeline/Pipeline::carry():194}:195}()
#26 D:/Spencer/Downloads/tara-admin/vendor/laravel/framework/src/Illuminate/Session/Middleware/StartSession.php(63): Illuminate/Session/Middleware/StartSession->handleStatefulRequest()
#27 D:/Spencer/Downloads/tara-admin/vendor/laravel/framework/src/Illuminate/Pipeline/Pipeline.php(219): Illuminate/Session/Middleware/StartSession->handle()
#28 D:/Spencer/Downloads/tara-admin/vendor/laravel/framework/src/Illuminate/Cookie/Middleware/AddQueuedCookiesToResponse.php(36): Illuminate/Pipeline/Pipeline->{closure:{closure:Illuminate/Pipeline/Pipeline::carry():194}:195}()
#29 D:/Spencer/Downloads/tara-admin/vendor/laravel/framework/src/Illuminate/Pipeline/Pipeline.php(219): Illuminate/Cookie/Middleware/AddQueuedCookiesToResponse->handle()
#30 D:/Spencer/Downloads/tara-admin/vendor/laravel/framework/src/Illuminate/Cookie/Middleware/EncryptCookies.php(74): Illuminate/Pipeline/Pipeline->{closure:{closure:Illuminate/Pipeline/Pipeline::carry():194}:195}()
#31 D:/Spencer/Downloads/tara-admin/vendor/laravel/framework/src/Illuminate/Pipeline/Pipeline.php(219): Illuminate/Cookie/Middleware/EncryptCookies->handle()
#32 D:/Spencer/Downloads/tara-admin/vendor/laravel/framework/src/Illuminate/Pipeline/Pipeline.php(137): Illuminate/Pipeline/Pipeline->{closure:{closure:Illuminate/Pipeline/Pipeline::carry():194}:195}()
#33 D:/Spencer/Downloads/tara-admin/vendor/laravel/framework/src/Illuminate/Routing/Router.php(821): Illuminate/Pipeline/Pipeline->then()
#34 D:/Spencer/Downloads/tara-admin/vendor/laravel/framework/src/Illuminate/Routing/Router.php(800): Illuminate/Routing/Router->runRouteWithinStack()
#35 D:/Spencer/Downloads/tara-admin/vendor/laravel/framework/src/Illuminate/Routing/Router.php(764): Illuminate/Routing/Router->runRoute()
#36 D:/Spencer/Downloads/tara-admin/vendor/laravel/framework/src/Illuminate/Routing/Router.php(753): Illuminate/Routing/Router->dispatchToRoute()
#37 D:/Spencer/Downloads/tara-admin/vendor/laravel/framework/src/Illuminate/Foundation/Http/Kernel.php(200): Illuminate/Routing/Router->dispatch()
#38 D:/Spencer/Downloads/tara-admin/vendor/laravel/framework/src/Illuminate/Pipeline/Pipeline.php(180): Illuminate/Foundation/Http/Kernel->{closure:Illuminate/Foundation/Http/Kernel::dispatchToRouter():197}()
#39 D:/Spencer/Downloads/tara-admin/vendor/laravel/framework/src/Illuminate/Foundation/Http/Middleware/TransformsRequest.php(21): Illuminate/Pipeline/Pipeline->{closure:Illuminate/Pipeline/Pipeline::prepareDestination():178}()
#40 D:/Spencer/Downloads/tara-admin/vendor/laravel/framework/src/Illuminate/Foundation/Http/Middleware/ConvertEmptyStringsToNull.php(31): Illuminate/Foundation/Http/Middleware/TransformsRequest->handle()
#41 D:/Spencer/Downloads/tara-admin/vendor/laravel/framework/src/Illuminate/Pipeline/Pipeline.php(219): Illuminate/Foundation/Http/Middleware/ConvertEmptyStringsToNull->handle()
#42 D:/Spencer/Downloads/tara-admin/vendor/laravel/framework/src/Illuminate/Foundation/Http/Middleware/TransformsRequest.php(21): Illuminate/Pipeline/Pipeline->{closure:{closure:Illuminate/Pipeline/Pipeline::carry():194}:195}()
#43 D:/Spencer/Downloads/tara-admin/vendor/laravel/framework/src/Illuminate/Foundation/Http/Middleware/TrimStrings.php(51): Illuminate/Foundation/Http/Middleware/TransformsRequest->handle()
#44 D:/Spencer/Downloads/tara-admin/vendor/laravel/framework/src/Illuminate/Pipeline/Pipeline.php(219): Illuminate/Foundation/Http/Middleware/TrimStrings->handle()
#45 D:/Spencer/Downloads/tara-admin/vendor/laravel/framework/src/Illuminate/Http/Middleware/ValidatePostSize.php(27): Illuminate/Pipeline/Pipeline->{closure:{closure:Illuminate/Pipeline/Pipeline::carry():194}:195}()
#46 D:/Spencer/Downloads/tara-admin/vendor/laravel/framework/src/Illuminate/Pipeline/Pipeline.php(219): Illuminate/Http/Middleware/ValidatePostSize->handle()
#47 D:/Spencer/Downloads/tara-admin/vendor/laravel/framework/src/Illuminate/Foundation/Http/Middleware/PreventRequestsDuringMaintenance.php(110): Illuminate/Pipeline/Pipeline->{closure:{closure:Illuminate/Pipeline/Pipeline::carry():194}:195}()
#48 D:/Spencer/Downloads/tara-admin/vendor/laravel/framework/src/Illuminate/Pipeline/Pipeline.php(219): Illuminate/Foundation/Http/Middleware/PreventRequestsDuringMaintenance->handle()
#49 D:/Spencer/Downloads/tara-admin/vendor/laravel/framework/src/Illuminate/Http/Middleware/HandleCors.php(61): Illuminate/Pipeline/Pipeline->{closure:{closure:Illuminate/Pipeline/Pipeline::carry():194}:195}()
#50 D:/Spencer/Downloads/tara-admin/vendor/laravel/framework/src/Illuminate/Pipeline/Pipeline.php(219): Illuminate/Http/Middleware/HandleCors->handle()
#51 D:/Spencer/Downloads/tara-admin/vendor/laravel/framework/src/Illuminate/Http/Middleware/TrustProxies.php(58): Illuminate/Pipeline/Pipeline->{closure:{closure:Illuminate/Pipeline/Pipeline::carry():194}:195}()
#52 D:/Spencer/Downloads/tara-admin/vendor/laravel/framework/src/Illuminate/Pipeline/Pipeline.php(219): Illuminate/Http/Middleware/TrustProxies->handle()
#53 D:/Spencer/Downloads/tara-admin/vendor/laravel/framework/src/Illuminate/Foundation/Http/Middleware/InvokeDeferredCallbacks.php(22): Illuminate/Pipeline/Pipeline->{closure:{closure:Illuminate/Pipeline/Pipeline::carry():194}:195}()
#54 D:/Spencer/Downloads/tara-admin/vendor/laravel/framework/src/Illuminate/Pipeline/Pipeline.php(219): Illuminate/Foundation/Http/Middleware/InvokeDeferredCallbacks->handle()
#55 D:/Spencer/Downloads/tara-admin/vendor/laravel/framework/src/Illuminate/Http/Middleware/ValidatePathEncoding.php(28): Illuminate/Pipeline/Pipeline->{closure:{closure:Illuminate/Pipeline/Pipeline::carry():194}:195}()
#56 D:/Spencer/Downloads/tara-admin/vendor/laravel/framework/src/Illuminate/Pipeline/Pipeline.php(219): Illuminate/Http/Middleware/ValidatePathEncoding->handle()
#57 D:/Spencer/Downloads/tara-admin/vendor/laravel/framework/src/Illuminate/Pipeline/Pipeline.php(137): Illuminate/Pipeline/Pipeline->{closure:{closure:Illuminate/Pipeline/Pipeline::carry():194}:195}()
#58 D:/Spencer/Downloads/tara-admin/vendor/laravel/framework/src/Illuminate/Foundation/Http/Kernel.php(175): Illuminate/Pipeline/Pipeline->then()
#59 D:/Spencer/Downloads/tara-admin/vendor/laravel/framework/src/Illuminate/Foundation/Http/Kernel.php(144): Illuminate/Foundation/Http/Kernel->sendRequestThroughRouter()
#60 D:/Spencer/Downloads/tara-admin/vendor/laravel/framework/src/Illuminate/Foundation/Application.php(1227): Illuminate/Foundation/Http/Kernel->handle()
#61 D:/Spencer/Downloads/tara-admin/public/index.php(20): Illuminate/Foundation/Application->handleRequest()
#62 D:/Spencer/Downloads/tara-admin/vendor/laravel/framework/src/Illuminate/Foundation/resources/server.php(23): require_once('...')
#63 {main}

[previous exception] [object] (PDOException(code: 0): could not find driver at D:/Spencer/Downloads/tara-admin/vendor/laravel/framework/src/Illuminate/Database/Connectors/Connector.php:67)
[stacktrace]
#0 D:/Spencer/Downloads/tara-admin/vendor/laravel/framework/src/Illuminate/Database/Connectors/Connector.php(67): PDO::connect()
#1 D:/Spencer/Downloads/tara-admin/vendor/laravel/framework/src/Illuminate/Database/Connectors/Connector.php(44): Illuminate/Database/Connectors/Connector->createPdoConnection()
#2 D:/Spencer/Downloads/tara-admin/vendor/laravel/framework/src/Illuminate/Database/Connectors/PostgresConnector.php(35): Illuminate/Database/Connectors/Connector->createConnection()
#3 D:/Spencer/Downloads/tara-admin/vendor/laravel/framework/src/Illuminate/Database/Connectors/ConnectionFactory.php(220): Illuminate/Database/Connectors/PostgresConnector->connect()
#4 [internal function]: Illuminate/Database/Connectors/ConnectionFactory->{closure:Illuminate/Database/Connectors/ConnectionFactory::createPdoResolverWithHosts():213}()
#5 D:/Spencer/Downloads/tara-admin/vendor/laravel/framework/src/Illuminate/Database/Connection.php(1297): call_user_func()
#6 D:/Spencer/Downloads/tara-admin/vendor/laravel/framework/src/Illuminate/Database/Connection.php(1335): Illuminate/Database/Connection->getPdo()
#7 D:/Spencer/Downloads/tara-admin/vendor/laravel/framework/src/Illuminate/Database/Connection.php(542): Illuminate/Database/Connection->getReadPdo()
#8 D:/Spencer/Downloads/tara-admin/vendor/laravel/framework/src/Illuminate/Database/Connection.php(435): Illuminate/Database/Connection->getPdoForSelect()
#9 D:/Spencer/Downloads/tara-admin/vendor/laravel/framework/src/Illuminate/Database/Connection.php(846): Illuminate/Database/Connection->{closure:Illuminate/Database/Connection::select():426}()
#10 D:/Spencer/Downloads/tara-admin/vendor/laravel/framework/src/Illuminate/Database/Connection.php(813): Illuminate/Database/Connection->runQueryCallback()
#11 D:/Spencer/Downloads/tara-admin/vendor/laravel/framework/src/Illuminate/Database/Connection.php(426): Illuminate/Database/Connection->run()
#12 D:/Spencer/Downloads/tara-admin/vendor/laravel/framework/src/Illuminate/Database/Query/Builder.php(3573): Illuminate/Database/Connection->select()
#13 D:/Spencer/Downloads/tara-admin/vendor/laravel/framework/src/Illuminate/Database/Query/Builder.php(3557): Illuminate/Database/Query/Builder->runSelect()
#14 D:/Spencer/Downloads/tara-admin/vendor/laravel/framework/src/Illuminate/Database/Eloquent/Builder.php(908): Illuminate/Database/Query/Builder->get()
#15 D:/Spencer/Downloads/tara-admin/vendor/laravel/framework/src/Illuminate/Database/Eloquent/Builder.php(890): Illuminate/Database/Eloquent/Builder->getModels()
#16 D:/Spencer/Downloads/tara-admin/vendor/laravel/framework/src/Illuminate/Database/Concerns/BuildsQueries.php(366): Illuminate/Database/Eloquent/Builder->get()
#17 D:/Spencer/Downloads/tara-admin/vendor/laravel/framework/src/Illuminate/Auth/EloquentUserProvider.php(138): Illuminate/Database/Eloquent/Builder->first()
#18 D:/Spencer/Downloads/tara-admin/vendor/laravel/framework/src/Illuminate/Auth/SessionGuard.php(424): Illuminate/Auth/EloquentUserProvider->retrieveByCredentials()
#19 D:/Spencer/Downloads/tara-admin/vendor/laravel/framework/src/Illuminate/Support/Timebox.php(34): Illuminate/Auth/SessionGuard->{closure:Illuminate/Auth/SessionGuard::attempt():421}()
#20 D:/Spencer/Downloads/tara-admin/vendor/laravel/framework/src/Illuminate/Auth/SessionGuard.php(421): Illuminate/Support/Timebox->call()
#21 D:/Spencer/Downloads/tara-admin/app/Http/Controllers/Admin/AuthController.php(24): Illuminate/Auth/SessionGuard->attempt()
#22 D:/Spencer/Downloads/tara-admin/vendor/laravel/framework/src/Illuminate/Routing/ControllerDispatcher.php(46): App/Http/Controllers/Admin/AuthController->login()
#23 D:/Spencer/Downloads/tara-admin/vendor/laravel/framework/src/Illuminate/Routing/Route.php(276): Illuminate/Routing/ControllerDispatcher->dispatch()
#24 D:/Spencer/Downloads/tara-admin/vendor/laravel/framework/src/Illuminate/Routing/Route.php(216): Illuminate/Routing/Route->runController()
#25 D:/Spencer/Downloads/tara-admin/vendor/laravel/framework/src/Illuminate/Routing/Router.php(822): Illuminate/Routing/Route->run()
#26 D:/Spencer/Downloads/tara-admin/vendor/laravel/framework/src/Illuminate/Pipeline/Pipeline.php(180): Illuminate/Routing/Router->{closure:Illuminate/Routing/Router::runRouteWithinStack():821}()
#27 D:/Spencer/Downloads/tara-admin/app/Http/Middleware/RedirectIfAdminAuthenticated.php(25): Illuminate/Pipeline/Pipeline->{closure:Illuminate/Pipeline/Pipeline::prepareDestination():178}()
#28 D:/Spencer/Downloads/tara-admin/vendor/laravel/framework/src/Illuminate/Pipeline/Pipeline.php(219): App/Http/Middleware/RedirectIfAdminAuthenticated->handle()
#29 D:/Spencer/Downloads/tara-admin/vendor/laravel/framework/src/Illuminate/Routing/Middleware/SubstituteBindings.php(52): Illuminate/Pipeline/Pipeline->{closure:{closure:Illuminate/Pipeline/Pipeline::carry():194}:195}()
#30 D:/Spencer/Downloads/tara-admin/vendor/laravel/framework/src/Illuminate/Pipeline/Pipeline.php(219): Illuminate/Routing/Middleware/SubstituteBindings->handle()
#31 D:/Spencer/Downloads/tara-admin/vendor/laravel/framework/src/Illuminate/Foundation/Http/Middleware/PreventRequestForgery.php(104): Illuminate/Pipeline/Pipeline->{closure:{closure:Illuminate/Pipeline/Pipeline::carry():194}:195}()
#32 D:/Spencer/Downloads/tara-admin/vendor/laravel/framework/src/Illuminate/Pipeline/Pipeline.php(219): Illuminate/Foundation/Http/Middleware/PreventRequestForgery->handle()
#33 D:/Spencer/Downloads/tara-admin/vendor/laravel/framework/src/Illuminate/View/Middleware/ShareErrorsFromSession.php(48): Illuminate/Pipeline/Pipeline->{closure:{closure:Illuminate/Pipeline/Pipeline::carry():194}:195}()
#34 D:/Spencer/Downloads/tara-admin/vendor/laravel/framework/src/Illuminate/Pipeline/Pipeline.php(219): Illuminate/View/Middleware/ShareErrorsFromSession->handle()
#35 D:/Spencer/Downloads/tara-admin/vendor/laravel/framework/src/Illuminate/Session/Middleware/StartSession.php(120): Illuminate/Pipeline/Pipeline->{closure:{closure:Illuminate/Pipeline/Pipeline::carry():194}:195}()
#36 D:/Spencer/Downloads/tara-admin/vendor/laravel/framework/src/Illuminate/Session/Middleware/StartSession.php(63): Illuminate/Session/Middleware/StartSession->handleStatefulRequest()
#37 D:/Spencer/Downloads/tara-admin/vendor/laravel/framework/src/Illuminate/Pipeline/Pipeline.php(219): Illuminate/Session/Middleware/StartSession->handle()
#38 D:/Spencer/Downloads/tara-admin/vendor/laravel/framework/src/Illuminate/Cookie/Middleware/AddQueuedCookiesToResponse.php(36): Illuminate/Pipeline/Pipeline->{closure:{closure:Illuminate/Pipeline/Pipeline::carry():194}:195}()
#39 D:/Spencer/Downloads/tara-admin/vendor/laravel/framework/src/Illuminate/Pipeline/Pipeline.php(219): Illuminate/Cookie/Middleware/AddQueuedCookiesToResponse->handle()
#40 D:/Spencer/Downloads/tara-admin/vendor/laravel/framework/src/Illuminate/Cookie/Middleware/EncryptCookies.php(74): Illuminate/Pipeline/Pipeline->{closure:{closure:Illuminate/Pipeline/Pipeline::carry():194}:195}()
#41 D:/Spencer/Downloads/tara-admin/vendor/laravel/framework/src/Illuminate/Pipeline/Pipeline.php(219): Illuminate/Cookie/Middleware/EncryptCookies->handle()
#42 D:/Spencer/Downloads/tara-admin/vendor/laravel/framework/src/Illuminate/Pipeline/Pipeline.php(137): Illuminate/Pipeline/Pipeline->{closure:{closure:Illuminate/Pipeline/Pipeline::carry():194}:195}()
#43 D:/Spencer/Downloads/tara-admin/vendor/laravel/framework/src/Illuminate/Routing/Router.php(821): Illuminate/Pipeline/Pipeline->then()
#44 D:/Spencer/Downloads/tara-admin/vendor/laravel/framework/src/Illuminate/Routing/Router.php(800): Illuminate/Routing/Router->runRouteWithinStack()
#45 D:/Spencer/Downloads/tara-admin/vendor/laravel/framework/src/Illuminate/Routing/Router.php(764): Illuminate/Routing/Router->runRoute()
#46 D:/Spencer/Downloads/tara-admin/vendor/laravel/framework/src/Illuminate/Routing/Router.php(753): Illuminate/Routing/Router->dispatchToRoute()
#47 D:/Spencer/Downloads/tara-admin/vendor/laravel/framework/src/Illuminate/Foundation/Http/Kernel.php(200): Illuminate/Routing/Router->dispatch()
#48 D:/Spencer/Downloads/tara-admin/vendor/laravel/framework/src/Illuminate/Pipeline/Pipeline.php(180): Illuminate/Foundation/Http/Kernel->{closure:Illuminate/Foundation/Http/Kernel::dispatchToRouter():197}()
#49 D:/Spencer/Downloads/tara-admin/vendor/laravel/framework/src/Illuminate/Foundation/Http/Middleware/TransformsRequest.php(21): Illuminate/Pipeline/Pipeline->{closure:Illuminate/Pipeline/Pipeline::prepareDestination():178}()
#50 D:/Spencer/Downloads/tara-admin/vendor/laravel/framework/src/Illuminate/Foundation/Http/Middleware/ConvertEmptyStringsToNull.php(31): Illuminate/Foundation/Http/Middleware/TransformsRequest->handle()
#51 D:/Spencer/Downloads/tara-admin/vendor/laravel/framework/src/Illuminate/Pipeline/Pipeline.php(219): Illuminate/Foundation/Http/Middleware/ConvertEmptyStringsToNull->handle()
#52 D:/Spencer/Downloads/tara-admin/vendor/laravel/framework/src/Illuminate/Foundation/Http/Middleware/TransformsRequest.php(21): Illuminate/Pipeline/Pipeline->{closure:{closure:Illuminate/Pipeline/Pipeline::carry():194}:195}()
#53 D:/Spencer/Downloads/tara-admin/vendor/laravel/framework/src/Illuminate/Foundation/Http/Middleware/TrimStrings.php(51): Illuminate/Foundation/Http/Middleware/TransformsRequest->handle()
#54 D:/Spencer/Downloads/tara-admin/vendor/laravel/framework/src/Illuminate/Pipeline/Pipeline.php(219): Illuminate/Foundation/Http/Middleware/TrimStrings->handle()
#55 D:/Spencer/Downloads/tara-admin/vendor/laravel/framework/src/Illuminate/Http/Middleware/ValidatePostSize.php(27): Illuminate/Pipeline/Pipeline->{closure:{closure:Illuminate/Pipeline/Pipeline::carry():194}:195}()
#56 D:/Spencer/Downloads/tara-admin/vendor/laravel/framework/src/Illuminate/Pipeline/Pipeline.php(219): Illuminate/Http/Middleware/ValidatePostSize->handle()
#57 D:/Spencer/Downloads/tara-admin/vendor/laravel/framework/src/Illuminate/Foundation/Http/Middleware/PreventRequestsDuringMaintenance.php(110): Illuminate/Pipeline/Pipeline->{closure:{closure:Illuminate/Pipeline/Pipeline::carry():194}:195}()
#58 D:/Spencer/Downloads/tara-admin/vendor/laravel/framework/src/Illuminate/Pipeline/Pipeline.php(219): Illuminate/Foundation/Http/Middleware/PreventRequestsDuringMaintenance->handle()
#59 D:/Spencer/Downloads/tara-admin/vendor/laravel/framework/src/Illuminate/Http/Middleware/HandleCors.php(61): Illuminate/Pipeline/Pipeline->{closure:{closure:Illuminate/Pipeline/Pipeline::carry():194}:195}()
#60 D:/Spencer/Downloads/tara-admin/vendor/laravel/framework/src/Illuminate/Pipeline/Pipeline.php(219): Illuminate/Http/Middleware/HandleCors->handle()
#61 D:/Spencer/Downloads/tara-admin/vendor/laravel/framework/src/Illuminate/Http/Middleware/TrustProxies.php(58): Illuminate/Pipeline/Pipeline->{closure:{closure:Illuminate/Pipeline/Pipeline::carry():194}:195}()
#62 D:/Spencer/Downloads/tara-admin/vendor/laravel/framework/src/Illuminate/Pipeline/Pipeline.php(219): Illuminate/Http/Middleware/TrustProxies->handle()
#63 D:/Spencer/Downloads/tara-admin/vendor/laravel/framework/src/Illuminate/Foundation/Http/Middleware/InvokeDeferredCallbacks.php(22): Illuminate/Pipeline/Pipeline->{closure:{closure:Illuminate/Pipeline/Pipeline::carry():194}:195}()
#64 D:/Spencer/Downloads/tara-admin/vendor/laravel/framework/src/Illuminate/Pipeline/Pipeline.php(219): Illuminate/Foundation/Http/Middleware/InvokeDeferredCallbacks->handle()
#65 D:/Spencer/Downloads/tara-admin/vendor/laravel/framework/src/Illuminate/Http/Middleware/ValidatePathEncoding.php(28): Illuminate/Pipeline/Pipeline->{closure:{closure:Illuminate/Pipeline/Pipeline::carry():194}:195}()
#66 D:/Spencer/Downloads/tara-admin/vendor/laravel/framework/src/Illuminate/Pipeline/Pipeline.php(219): Illuminate/Http/Middleware/ValidatePathEncoding->handle()
#67 D:/Spencer/Downloads/tara-admin/vendor/laravel/framework/src/Illuminate/Pipeline/Pipeline.php(137): Illuminate/Pipeline/Pipeline->{closure:{closure:Illuminate/Pipeline/Pipeline::carry():194}:195}()
#68 D:/Spencer/Downloads/tara-admin/vendor/laravel/framework/src/Illuminate/Foundation/Http/Kernel.php(175): Illuminate/Pipeline/Pipeline->then()
#69 D:/Spencer/Downloads/tara-admin/vendor/laravel/framework/src/Illuminate/Foundation/Http/Kernel.php(144): Illuminate/Foundation/Http/Kernel->sendRequestThroughRouter()
#70 D:/Spencer/Downloads/tara-admin/vendor/laravel/framework/src/Illuminate/Foundation/Application.php(1227): Illuminate/Foundation/Http/Kernel->handle()
#71 D:/Spencer/Downloads/tara-admin/public/index.php(20): Illuminate/Foundation/Application->handleRequest()
#72 D:/Spencer/Downloads/tara-admin/vendor/laravel/framework/src/Illuminate/Foundation/resources/server.php(23): require_once('...')
#73 {main}
"} 
[2026-09-11 07:28:42] local.ERROR: Call to undefined function Illuminate\Encryption\openssl_cipher_iv_length() {"exception":"[object] (Error(code: 0): Call to undefined function Illuminate\\Encryption\\openssl_cipher_iv_length() at D:/Spencer/Downloads/tara-admin/vendor/laravel/framework/src/Illuminate/Encryption/Encrypter.php:281)
[stacktrace]
#0 D:/Spencer/Downloads/tara-admin/vendor/laravel/framework/src/Illuminate/Encryption/Encrypter.php(252): Illuminate/Encryption/Encrypter->validPayload()
#1 D:/Spencer/Downloads/tara-admin/vendor/laravel/framework/src/Illuminate/Encryption/Encrypter.php(157): Illuminate/Encryption/Encrypter->getJsonPayload()
#2 D:/Spencer/Downloads/tara-admin/vendor/laravel/framework/src/Illuminate/Cookie/Middleware/EncryptCookies.php(147): Illuminate/Encryption/Encrypter->decrypt()
#3 D:/Spencer/Downloads/tara-admin/vendor/laravel/framework/src/Illuminate/Cookie/Middleware/EncryptCookies.php(91): Illuminate/Cookie/Middleware/EncryptCookies->decryptCookie()
#4 D:/Spencer/Downloads/tara-admin/vendor/laravel/framework/src/Illuminate/Cookie/Middleware/EncryptCookies.php(74): Illuminate/Cookie/Middleware/EncryptCookies->decrypt()
#5 D:/Spencer/Downloads/tara-admin/vendor/laravel/framework/src/Illuminate/Pipeline/Pipeline.php(219): Illuminate/Cookie/Middleware/EncryptCookies->handle()
#6 D:/Spencer/Downloads/tara-admin/vendor/laravel/framework/src/Illuminate/Pipeline/Pipeline.php(137): Illuminate/Pipeline/Pipeline->{closure:{closure:Illuminate/Pipeline/Pipeline::carry():194}:195}()
#7 D:/Spencer/Downloads/tara-admin/vendor/laravel/framework/src/Illuminate/Routing/Router.php(821): Illuminate/Pipeline/Pipeline->then()
#8 D:/Spencer/Downloads/tara-admin/vendor/laravel/framework/src/Illuminate/Routing/Router.php(800): Illuminate/Routing/Router->runRouteWithinStack()
#9 D:/Spencer/Downloads/tara-admin/vendor/laravel/framework/src/Illuminate/Routing/Router.php(764): Illuminate/Routing/Router->runRoute()
#10 D:/Spencer/Downloads/tara-admin/vendor/laravel/framework/src/Illuminate/Routing/Router.php(753): Illuminate/Routing/Router->dispatchToRoute()
#11 D:/Spencer/Downloads/tara-admin/vendor/laravel/framework/src/Illuminate/Foundation/Http/Kernel.php(200): Illuminate/Routing/Router->dispatch()
#12 D:/Spencer/Downloads/tara-admin/vendor/laravel/framework/src/Illuminate/Pipeline/Pipeline.php(180): Illuminate/Foundation/Http/Kernel->{closure:Illuminate/Foundation/Http/Kernel::dispatchToRouter():197}()
#13 D:/Spencer/Downloads/tara-admin/vendor/laravel/framework/src/Illuminate/Foundation/Http/Middleware/TransformsRequest.php(21): Illuminate/Pipeline/Pipeline->{closure:Illuminate/Pipeline/Pipeline::prepareDestination():178}()
#14 D:/Spencer/Downloads/tara-admin/vendor/laravel/framework/src/Illuminate/Foundation/Http/Middleware/ConvertEmptyStringsToNull.php(31): Illuminate/Foundation/Http/Middleware/TransformsRequest->handle()
#15 D:/Spencer/Downloads/tara-admin/vendor/laravel/framework/src/Illuminate/Pipeline/Pipeline.php(219): Illuminate/Foundation/Http/Middleware/ConvertEmptyStringsToNull->handle()
#16 D:/Spencer/Downloads/tara-admin/vendor/laravel/framework/src/Illuminate/Foundation/Http/Middleware/TransformsRequest.php(21): Illuminate/Pipeline/Pipeline->{closure:{closure:Illuminate/Pipeline/Pipeline::carry():194}:195}()
#17 D:/Spencer/Downloads/tara-admin/vendor/laravel/framework/src/Illuminate/Foundation/Http/Middleware/TrimStrings.php(51): Illuminate/Foundation/Http/Middleware/TransformsRequest->handle()
#18 D:/Spencer/Downloads/tara-admin/vendor/laravel/framework/src/Illuminate/Pipeline/Pipeline.php(219): Illuminate/Foundation/Http/Middleware/TrimStrings->handle()
#19 D:/Spencer/Downloads/tara-admin/vendor/laravel/framework/src/Illuminate/Http/Middleware/ValidatePostSize.php(27): Illuminate/Pipeline/Pipeline->{closure:{closure:Illuminate/Pipeline/Pipeline::carry():194}:195}()
#20 D:/Spencer/Downloads/tara-admin/vendor/laravel/framework/src/Illuminate/Pipeline/Pipeline.php(219): Illuminate/Http/Middleware/ValidatePostSize->handle()
#21 D:/Spencer/Downloads/tara-admin/vendor/laravel/framework/src/Illuminate/Foundation/Http/Middleware/PreventRequestsDuringMaintenance.php(110): Illuminate/Pipeline/Pipeline->{closure:{closure:Illuminate/Pipeline/Pipeline::carry():194}:195}()
#22 D:/Spencer/Downloads/tara-admin/vendor/laravel/framework/src/Illuminate/Pipeline/Pipeline.php(219): Illuminate/Foundation/Http/Middleware/PreventRequestsDuringMaintenance->handle()
#23 D:/Spencer/Downloads/tara-admin/vendor/laravel/framework/src/Illuminate/Http/Middleware/HandleCors.php(61): Illuminate/Pipeline/Pipeline->{closure:{closure:Illuminate/Pipeline/Pipeline::carry():194}:195}()
#24 D:/Spencer/Downloads/tara-admin/vendor/laravel/framework/src/Illuminate/Pipeline/Pipeline.php(219): Illuminate/Http/Middleware/HandleCors->handle()
#25 D:/Spencer/Downloads/tara-admin/vendor/laravel/framework/src/Illuminate/Http/Middleware/TrustProxies.php(58): Illuminate/Pipeline/Pipeline->{closure:{closure:Illuminate/Pipeline/Pipeline::carry():194}:195}()
#26 D:/Spencer/Downloads/tara-admin/vendor/laravel/framework/src/Illuminate/Pipeline/Pipeline.php(219): Illuminate/Http/Middleware/TrustProxies->handle()
#27 D:/Spencer/Downloads/tara-admin/vendor/laravel/framework/src/Illuminate/Foundation/Http/Middleware/InvokeDeferredCallbacks.php(22): Illuminate/Pipeline/Pipeline->{closure:{closure:Illuminate/Pipeline/Pipeline::carry():194}:195}()
#28 D:/Spencer/Downloads/tara-admin/vendor/laravel/framework/src/Illuminate/Pipeline/Pipeline.php(219): Illuminate/Foundation/Http/Middleware/InvokeDeferredCallbacks->handle()
#29 D:/Spencer/Downloads/tara-admin/vendor/laravel/framework/src/Illuminate/Http/Middleware/ValidatePathEncoding.php(28): Illuminate/Pipeline/Pipeline->{closure:{closure:Illuminate/Pipeline/Pipeline::carry():194}:195}()
#30 D:/Spencer/Downloads/tara-admin/vendor/laravel/framework/src/Illuminate/Pipeline/Pipeline.php(219): Illuminate/Http/Middleware/ValidatePathEncoding->handle()
#31 D:/Spencer/Downloads/tara-admin/vendor/laravel/framework/src/Illuminate/Pipeline/Pipeline.php(137): Illuminate/Pipeline/Pipeline->{closure:{closure:Illuminate/Pipeline/Pipeline::carry():194}:195}()
#32 D:/Spencer/Downloads/tara-admin/vendor/laravel/framework/src/Illuminate/Foundation/Http/Kernel.php(175): Illuminate/Pipeline/Pipeline->then()
#33 D:/Spencer/Downloads/tara-admin/vendor/laravel/framework/src/Illuminate/Foundation/Http/Kernel.php(144): Illuminate/Foundation/Http/Kernel->sendRequestThroughRouter()
#34 D:/Spencer/Downloads/tara-admin/vendor/laravel/framework/src/Illuminate/Foundation/Application.php(1227): Illuminate/Foundation/Http/Kernel->handle()
#35 D:/Spencer/Downloads/tara-admin/public/index.php(20): Illuminate/Foundation/Application->handleRequest()
#36 D:/Spencer/Downloads/tara-admin/vendor/laravel/framework/src/Illuminate/Foundation/resources/server.php(23): require_once('...')
#37 {main}
"} 
[2026-09-11 07:29:22] local.ERROR: SQLSTATE[08006] [7] connection to server at "aws-0-ap-southeast-1.pooler.supabase.com" (54.255.219.82), port 6543 failed: FATAL:  (ENOTFOUND) tenant/user postgres.your-project-ref not found (Connection: pgsql_admin, Host: aws-0-ap-southeast-1.pooler.supabase.com, Port: 6543, Database: postgres, SQL: select * from "admin_users" where "email" = test.user.20260911@example.com limit 1) {"exception":"[object] (Illuminate\\Database\\QueryException(code: 7): SQLSTATE[08006] [7] connection to server at \"aws-0-ap-southeast-1.pooler.supabase.com\" (54.255.219.82), port 6543 failed: FATAL:  (ENOTFOUND) tenant/user postgres.your-project-ref not found (Connection: pgsql_admin, Host: aws-0-ap-southeast-1.pooler.supabase.com, Port: 6543, Database: postgres, SQL: select * from \"admin_users\" where \"email\" = test.user.20260911@example.com limit 1) at D:/Spencer/Downloads/tara-admin/vendor/laravel/framework/src/Illuminate/Database/Connection.php:857)
[stacktrace]
#0 D:/Spencer/Downloads/tara-admin/vendor/laravel/framework/src/Illuminate/Database/Connection.php(813): Illuminate/Database/Connection->runQueryCallback()
#1 D:/Spencer/Downloads/tara-admin/vendor/laravel/framework/src/Illuminate/Database/Connection.php(426): Illuminate/Database/Connection->run()
#2 D:/Spencer/Downloads/tara-admin/vendor/laravel/framework/src/Illuminate/Database/Query/Builder.php(3573): Illuminate/Database/Connection->select()
#3 D:/Spencer/Downloads/tara-admin/vendor/laravel/framework/src/Illuminate/Database/Query/Builder.php(3557): Illuminate/Database/Query/Builder->runSelect()
#4 D:/Spencer/Downloads/tara-admin/vendor/laravel/framework/src/Illuminate/Database/Eloquent/Builder.php(908): Illuminate/Database/Query/Builder->get()
#5 D:/Spencer/Downloads/tara-admin/vendor/laravel/framework/src/Illuminate/Database/Eloquent/Builder.php(890): Illuminate/Database/Eloquent/Builder->getModels()
#6 D:/Spencer/Downloads/tara-admin/vendor/laravel/framework/src/Illuminate/Database/Concerns/BuildsQueries.php(366): Illuminate/Database/Eloquent/Builder->get()
#7 D:/Spencer/Downloads/tara-admin/vendor/laravel/framework/src/Illuminate/Auth/EloquentUserProvider.php(138): Illuminate/Database/Eloquent/Builder->first()
#8 D:/Spencer/Downloads/tara-admin/vendor/laravel/framework/src/Illuminate/Auth/SessionGuard.php(424): Illuminate/Auth/EloquentUserProvider->retrieveByCredentials()
#9 D:/Spencer/Downloads/tara-admin/vendor/laravel/framework/src/Illuminate/Support/Timebox.php(34): Illuminate/Auth/SessionGuard->{closure:Illuminate/Auth/SessionGuard::attempt():421}()
#10 D:/Spencer/Downloads/tara-admin/vendor/laravel/framework/src/Illuminate/Auth/SessionGuard.php(421): Illuminate/Support/Timebox->call()
#11 D:/Spencer/Downloads/tara-admin/app/Http/Controllers/Admin/AuthController.php(24): Illuminate/Auth/SessionGuard->attempt()
#12 D:/Spencer/Downloads/tara-admin/vendor/laravel/framework/src/Illuminate/Routing/ControllerDispatcher.php(46): App/Http/Controllers/Admin/AuthController->login()
#13 D:/Spencer/Downloads/tara-admin/vendor/laravel/framework/src/Illuminate/Routing/Route.php(276): Illuminate/Routing/ControllerDispatcher->dispatch()
#14 D:/Spencer/Downloads/tara-admin/vendor/laravel/framework/src/Illuminate/Routing/Route.php(216): Illuminate/Routing/Route->runController()
#15 D:/Spencer/Downloads/tara-admin/vendor/laravel/framework/src/Illuminate/Routing/Router.php(822): Illuminate/Routing/Route->run()
#16 D:/Spencer/Downloads/tara-admin/vendor/laravel/framework/src/Illuminate/Pipeline/Pipeline.php(180): Illuminate/Routing/Router->{closure:Illuminate/Routing/Router::runRouteWithinStack():821}()
#17 D:/Spencer/Downloads/tara-admin/app/Http/Middleware/RedirectIfAdminAuthenticated.php(25): Illuminate/Pipeline/Pipeline->{closure:Illuminate/Pipeline/Pipeline::prepareDestination():178}()
#18 D:/Spencer/Downloads/tara-admin/vendor/laravel/framework/src/Illuminate/Pipeline/Pipeline.php(219): App/Http/Middleware/RedirectIfAdminAuthenticated->handle()
#19 D:/Spencer/Downloads/tara-admin/vendor/laravel/framework/src/Illuminate/Routing/Middleware/SubstituteBindings.php(52): Illuminate/Pipeline/Pipeline->{closure:{closure:Illuminate/Pipeline/Pipeline::carry():194}:195}()
#20 D:/Spencer/Downloads/tara-admin/vendor/laravel/framework/src/Illuminate/Pipeline/Pipeline.php(219): Illuminate/Routing/Middleware/SubstituteBindings->handle()
#21 D:/Spencer/Downloads/tara-admin/vendor/laravel/framework/src/Illuminate/Foundation/Http/Middleware/PreventRequestForgery.php(104): Illuminate/Pipeline/Pipeline->{closure:{closure:Illuminate/Pipeline/Pipeline::carry():194}:195}()
#22 D:/Spencer/Downloads/tara-admin/vendor/laravel/framework/src/Illuminate/Pipeline/Pipeline.php(219): Illuminate/Foundation/Http/Middleware/PreventRequestForgery->handle()
#23 D:/Spencer/Downloads/tara-admin/vendor/laravel/framework/src/Illuminate/View/Middleware/ShareErrorsFromSession.php(48): Illuminate/Pipeline/Pipeline->{closure:{closure:Illuminate/Pipeline/Pipeline::carry():194}:195}()
#24 D:/Spencer/Downloads/tara-admin/vendor/laravel/framework/src/Illuminate/Pipeline/Pipeline.php(219): Illuminate/View/Middleware/ShareErrorsFromSession->handle()
#25 D:/Spencer/Downloads/tara-admin/vendor/laravel/framework/src/Illuminate/Session/Middleware/StartSession.php(120): Illuminate/Pipeline/Pipeline->{closure:{closure:Illuminate/Pipeline/Pipeline::carry():194}:195}()
#26 D:/Spencer/Downloads/tara-admin/vendor/laravel/framework/src/Illuminate/Session/Middleware/StartSession.php(63): Illuminate/Session/Middleware/StartSession->handleStatefulRequest()
#27 D:/Spencer/Downloads/tara-admin/vendor/laravel/framework/src/Illuminate/Pipeline/Pipeline.php(219): Illuminate/Session/Middleware/StartSession->handle()
#28 D:/Spencer/Downloads/tara-admin/vendor/laravel/framework/src/Illuminate/Cookie/Middleware/AddQueuedCookiesToResponse.php(36): Illuminate/Pipeline/Pipeline->{closure:{closure:Illuminate/Pipeline/Pipeline::carry():194}:195}()
#29 D:/Spencer/Downloads/tara-admin/vendor/laravel/framework/src/Illuminate/Pipeline/Pipeline.php(219): Illuminate/Cookie/Middleware/AddQueuedCookiesToResponse->handle()
#30 D:/Spencer/Downloads/tara-admin/vendor/laravel/framework/src/Illuminate/Cookie/Middleware/EncryptCookies.php(74): Illuminate/Pipeline/Pipeline->{closure:{closure:Illuminate/Pipeline/Pipeline::carry():194}:195}()
#31 D:/Spencer/Downloads/tara-admin/vendor/laravel/framework/src/Illuminate/Pipeline/Pipeline.php(219): Illuminate/Cookie/Middleware/EncryptCookies->handle()
#32 D:/Spencer/Downloads/tara-admin/vendor/laravel/framework/src/Illuminate/Pipeline/Pipeline.php(137): Illuminate/Pipeline/Pipeline->{closure:{closure:Illuminate/Pipeline/Pipeline::carry():194}:195}()
#33 D:/Spencer/Downloads/tara-admin/vendor/laravel/framework/src/Illuminate/Routing/Router.php(821): Illuminate/Pipeline/Pipeline->then()
#34 D:/Spencer/Downloads/tara-admin/vendor/laravel/framework/src/Illuminate/Routing/Router.php(800): Illuminate/Routing/Router->runRouteWithinStack()
#35 D:/Spencer/Downloads/tara-admin/vendor/laravel/framework/src/Illuminate/Routing/Router.php(764): Illuminate/Routing/Router->runRoute()
#36 D:/Spencer/Downloads/tara-admin/vendor/laravel/framework/src/Illuminate/Routing/Router.php(753): Illuminate/Routing/Router->dispatchToRoute()
#37 D:/Spencer/Downloads/tara-admin/vendor/laravel/framework/src/Illuminate/Foundation/Http/Kernel.php(200): Illuminate/Routing/Router->dispatch()
#38 D:/Spencer/Downloads/tara-admin/vendor/laravel/framework/src/Illuminate/Pipeline/Pipeline.php(180): Illuminate/Foundation/Http/Kernel->{closure:Illuminate/Foundation/Http/Kernel::dispatchToRouter():197}()
#39 D:/Spencer/Downloads/tara-admin/vendor/laravel/framework/src/Illuminate/Foundation/Http/Middleware/TransformsRequest.php(21): Illuminate/Pipeline/Pipeline->{closure:Illuminate/Pipeline/Pipeline::prepareDestination():178}()
#40 D:/Spencer/Downloads/tara-admin/vendor/laravel/framework/src/Illuminate/Foundation/Http/Middleware/ConvertEmptyStringsToNull.php(31): Illuminate/Foundation/Http/Middleware/TransformsRequest->handle()
#41 D:/Spencer/Downloads/tara-admin/vendor/laravel/framework/src/Illuminate/Pipeline/Pipeline.php(219): Illuminate/Foundation/Http/Middleware/ConvertEmptyStringsToNull->handle()
#42 D:/Spencer/Downloads/tara-admin/vendor/laravel/framework/src/Illuminate/Foundation/Http/Middleware/TransformsRequest.php(21): Illuminate/Pipeline/Pipeline->{closure:{closure:Illuminate/Pipeline/Pipeline::carry():194}:195}()
#43 D:/Spencer/Downloads/tara-admin/vendor/laravel/framework/src/Illuminate/Foundation/Http/Middleware/TrimStrings.php(51): Illuminate/Foundation/Http/Middleware/TransformsRequest->handle()
#44 D:/Spencer/Downloads/tara-admin/vendor/laravel/framework/src/Illuminate/Pipeline/Pipeline.php(219): Illuminate/Foundation/Http/Middleware/TrimStrings->handle()
#45 D:/Spencer/Downloads/tara-admin/vendor/laravel/framework/src/Illuminate/Http/Middleware/ValidatePostSize.php(27): Illuminate/Pipeline/Pipeline->{closure:{closure:Illuminate/Pipeline/Pipeline::carry():194}:195}()
#46 D:/Spencer/Downloads/tara-admin/vendor/laravel/framework/src/Illuminate/Pipeline/Pipeline.php(219): Illuminate/Http/Middleware/ValidatePostSize->handle()
#47 D:/Spencer/Downloads/tara-admin/vendor/laravel/framework/src/Illuminate/Foundation/Http/Middleware/PreventRequestsDuringMaintenance.php(110): Illuminate/Pipeline/Pipeline->{closure:{closure:Illuminate/Pipeline/Pipeline::carry():194}:195}()
#48 D:/Spencer/Downloads/tara-admin/vendor/laravel/framework/src/Illuminate/Pipeline/Pipeline.php(219): Illuminate/Foundation/Http/Middleware/PreventRequestsDuringMaintenance->handle()
#49 D:/Spencer/Downloads/tara-admin/vendor/laravel/framework/src/Illuminate/Http/Middleware/HandleCors.php(61): Illuminate/Pipeline/Pipeline->{closure:{closure:Illuminate/Pipeline/Pipeline::carry():194}:195}()
#50 D:/Spencer/Downloads/tara-admin/vendor/laravel/framework/src/Illuminate/Pipeline/Pipeline.php(219): Illuminate/Http/Middleware/HandleCors->handle()
#51 D:/Spencer/Downloads/tara-admin/vendor/laravel/framework/src/Illuminate/Http/Middleware/TrustProxies.php(58): Illuminate/Pipeline/Pipeline->{closure:{closure:Illuminate/Pipeline/Pipeline::carry():194}:195}()
#52 D:/Spencer/Downloads/tara-admin/vendor/laravel/framework/src/Illuminate/Pipeline/Pipeline.php(219): Illuminate/Http/Middleware/TrustProxies->handle()
#53 D:/Spencer/Downloads/tara-admin/vendor/laravel/framework/src/Illuminate/Foundation/Http/Middleware/InvokeDeferredCallbacks.php(22): Illuminate/Pipeline/Pipeline->{closure:{closure:Illuminate/Pipeline/Pipeline::carry():194}:195}()
#54 D:/Spencer/Downloads/tara-admin/vendor/laravel/framework/src/Illuminate/Pipeline/Pipeline.php(219): Illuminate/Foundation/Http/Middleware/InvokeDeferredCallbacks->handle()
#55 D:/Spencer/Downloads/tara-admin/vendor/laravel/framework/src/Illuminate/Http/Middleware/ValidatePathEncoding.php(28): Illuminate/Pipeline/Pipeline->{closure:{closure:Illuminate/Pipeline/Pipeline::carry():194}:195}()
#56 D:/Spencer/Downloads/tara-admin/vendor/laravel/framework/src/Illuminate/Pipeline/Pipeline.php(219): Illuminate/Http/Middleware/ValidatePathEncoding->handle()
#57 D:/Spencer/Downloads/tara-admin/vendor/laravel/framework/src/Illuminate/Pipeline/Pipeline.php(137): Illuminate/Pipeline/Pipeline->{closure:{closure:Illuminate/Pipeline/Pipeline::carry():194}:195}()
#58 D:/Spencer/Downloads/tara-admin/vendor/laravel/framework/src/Illuminate/Foundation/Http/Kernel.php(175): Illuminate/Pipeline/Pipeline->then()
#59 D:/Spencer/Downloads/tara-admin/vendor/laravel/framework/src/Illuminate/Foundation/Http/Kernel.php(144): Illuminate/Foundation/Http/Kernel->sendRequestThroughRouter()
#60 D:/Spencer/Downloads/tara-admin/vendor/laravel/framework/src/Illuminate/Foundation/Application.php(1227): Illuminate/Foundation/Http/Kernel->handle()
#61 D:/Spencer/Downloads/tara-admin/public/index.php(20): Illuminate/Foundation/Application->handleRequest()
#62 D:/Spencer/Downloads/tara-admin/vendor/laravel/framework/src/Illuminate/Foundation/resources/server.php(23): require_once('...')
#63 {main}

[previous exception] [object] (PDOException(code: 7): SQLSTATE[08006] [7] connection to server at \"aws-0-ap-southeast-1.pooler.supabase.com\" (54.255.219.82), port 6543 failed: FATAL:  (ENOTFOUND) tenant/user postgres.your-project-ref not found at D:/Spencer/Downloads/tara-admin/vendor/laravel/framework/src/Illuminate/Database/Connectors/Connector.php:67)
[stacktrace]
#0 D:/Spencer/Downloads/tara-admin/vendor/laravel/framework/src/Illuminate/Database/Connectors/Connector.php(67): PDO::connect()
#1 D:/Spencer/Downloads/tara-admin/vendor/laravel/framework/src/Illuminate/Database/Connectors/Connector.php(44): Illuminate/Database/Connectors/Connector->createPdoConnection()
#2 D:/Spencer/Downloads/tara-admin/vendor/laravel/framework/src/Illuminate/Database/Connectors/PostgresConnector.php(35): Illuminate/Database/Connectors/Connector->createConnection()
#3 D:/Spencer/Downloads/tara-admin/vendor/laravel/framework/src/Illuminate/Database/Connectors/ConnectionFactory.php(220): Illuminate/Database/Connectors/PostgresConnector->connect()
#4 [internal function]: Illuminate/Database/Connectors/ConnectionFactory->{closure:Illuminate/Database/Connectors/ConnectionFactory::createPdoResolverWithHosts():213}()
#5 D:/Spencer/Downloads/tara-admin/vendor/laravel/framework/src/Illuminate/Database/Connection.php(1297): call_user_func()
#6 D:/Spencer/Downloads/tara-admin/vendor/laravel/framework/src/Illuminate/Database/Connection.php(1335): Illuminate/Database/Connection->getPdo()
#7 D:/Spencer/Downloads/tara-admin/vendor/laravel/framework/src/Illuminate/Database/Connection.php(542): Illuminate/Database/Connection->getReadPdo()
#8 D:/Spencer/Downloads/tara-admin/vendor/laravel/framework/src/Illuminate/Database/Connection.php(435): Illuminate/Database/Connection->getPdoForSelect()
#9 D:/Spencer/Downloads/tara-admin/vendor/laravel/framework/src/Illuminate/Database/Connection.php(846): Illuminate/Database/Connection->{closure:Illuminate/Database/Connection::select():426}()
#10 D:/Spencer/Downloads/tara-admin/vendor/laravel/framework/src/Illuminate/Database/Connection.php(813): Illuminate/Database/Connection->runQueryCallback()
#11 D:/Spencer/Downloads/tara-admin/vendor/laravel/framework/src/Illuminate/Database/Connection.php(426): Illuminate/Database/Connection->run()
#12 D:/Spencer/Downloads/tara-admin/vendor/laravel/framework/src/Illuminate/Database/Query/Builder.php(3573): Illuminate/Database/Connection->select()
#13 D:/Spencer/Downloads/tara-admin/vendor/laravel/framework/src/Illuminate/Database/Query/Builder.php(3557): Illuminate/Database/Query/Builder->runSelect()
#14 D:/Spencer/Downloads/tara-admin/vendor/laravel/framework/src/Illuminate/Database/Eloquent/Builder.php(908): Illuminate/Database/Query/Builder->get()
#15 D:/Spencer/Downloads/tara-admin/vendor/laravel/framework/src/Illuminate/Database/Eloquent/Builder.php(890): Illuminate/Database/Eloquent/Builder->getModels()
#16 D:/Spencer/Downloads/tara-admin/vendor/laravel/framework/src/Illuminate/Database/Concerns/BuildsQueries.php(366): Illuminate/Database/Eloquent/Builder->get()
#17 D:/Spencer/Downloads/tara-admin/vendor/laravel/framework/src/Illuminate/Auth/EloquentUserProvider.php(138): Illuminate/Database/Eloquent/Builder->first()
#18 D:/Spencer/Downloads/tara-admin/vendor/laravel/framework/src/Illuminate/Auth/SessionGuard.php(424): Illuminate/Auth/EloquentUserProvider->retrieveByCredentials()
#19 D:/Spencer/Downloads/tara-admin/vendor/laravel/framework/src/Illuminate/Support/Timebox.php(34): Illuminate/Auth/SessionGuard->{closure:Illuminate/Auth/SessionGuard::attempt():421}()
#20 D:/Spencer/Downloads/tara-admin/vendor/laravel/framework/src/Illuminate/Auth/SessionGuard.php(421): Illuminate/Support/Timebox->call()
#21 D:/Spencer/Downloads/tara-admin/app/Http/Controllers/Admin/AuthController.php(24): Illuminate/Auth/SessionGuard->attempt()
#22 D:/Spencer/Downloads/tara-admin/vendor/laravel/framework/src/Illuminate/Routing/ControllerDispatcher.php(46): App/Http/Controllers/Admin/AuthController->login()
#23 D:/Spencer/Downloads/tara-admin/vendor/laravel/framework/src/Illuminate/Routing/Route.php(276): Illuminate/Routing/ControllerDispatcher->dispatch()
#24 D:/Spencer/Downloads/tara-admin/vendor/laravel/framework/src/Illuminate/Routing/Route.php(216): Illuminate/Routing/Route->runController()
#25 D:/Spencer/Downloads/tara-admin/vendor/laravel/framework/src/Illuminate/Routing/Router.php(822): Illuminate/Routing/Route->run()
#26 D:/Spencer/Downloads/tara-admin/vendor/laravel/framework/src/Illuminate/Pipeline/Pipeline.php(180): Illuminate/Routing/Router->{closure:Illuminate/Routing/Router::runRouteWithinStack():821}()
#27 D:/Spencer/Downloads/tara-admin/app/Http/Middleware/RedirectIfAdminAuthenticated.php(25): Illuminate/Pipeline/Pipeline->{closure:Illuminate/Pipeline/Pipeline::prepareDestination():178}()
#28 D:/Spencer/Downloads/tara-admin/vendor/laravel/framework/src/Illuminate/Pipeline/Pipeline.php(219): App/Http/Middleware/RedirectIfAdminAuthenticated->handle()
#29 D:/Spencer/Downloads/tara-admin/vendor/laravel/framework/src/Illuminate/Routing/Middleware/SubstituteBindings.php(52): Illuminate/Pipeline/Pipeline->{closure:{closure:Illuminate/Pipeline/Pipeline::carry():194}:195}()
#30 D:/Spencer/Downloads/tara-admin/vendor/laravel/framework/src/Illuminate/Pipeline/Pipeline.php(219): Illuminate/Routing/Middleware/SubstituteBindings->handle()
#31 D:/Spencer/Downloads/tara-admin/vendor/laravel/framework/src/Illuminate/Foundation/Http/Middleware/PreventRequestForgery.php(104): Illuminate/Pipeline/Pipeline->{closure:{closure:Illuminate/Pipeline/Pipeline::carry():194}:195}()
#32 D:/Spencer/Downloads/tara-admin/vendor/laravel/framework/src/Illuminate/Pipeline/Pipeline.php(219): Illuminate/Foundation/Http/Middleware/PreventRequestForgery->handle()
#33 D:/Spencer/Downloads/tara-admin/vendor/laravel/framework/src/Illuminate/View/Middleware/ShareErrorsFromSession.php(48): Illuminate/Pipeline/Pipeline->{closure:{closure:Illuminate/Pipeline/Pipeline::carry():194}:195}()
#34 D:/Spencer/Downloads/tara-admin/vendor/laravel/framework/src/Illuminate/Pipeline/Pipeline.php(219): Illuminate/View/Middleware/ShareErrorsFromSession->handle()
#35 D:/Spencer/Downloads/tara-admin/vendor/laravel/framework/src/Illuminate/Session/Middleware/StartSession.php(120): Illuminate/Pipeline/Pipeline->{closure:{closure:Illuminate/Pipeline/Pipeline::carry():194}:195}()
#36 D:/Spencer/Downloads/tara-admin/vendor/laravel/framework/src/Illuminate/Session/Middleware/StartSession.php(63): Illuminate/Session/Middleware/StartSession->handleStatefulRequest()
#37 D:/Spencer/Downloads/tara-admin/vendor/laravel/framework/src/Illuminate/Pipeline/Pipeline.php(219): Illuminate/Session/Middleware/StartSession->handle()
#38 D:/Spencer/Downloads/tara-admin/vendor/laravel/framework/src/Illuminate/Cookie/Middleware/AddQueuedCookiesToResponse.php(36): Illuminate/Pipeline/Pipeline->{closure:{closure:Illuminate/Pipeline/Pipeline::carry():194}:195}()
#39 D:/Spencer/Downloads/tara-admin/vendor/laravel/framework/src/Illuminate/Pipeline/Pipeline.php(219): Illuminate/Cookie/Middleware/AddQueuedCookiesToResponse->handle()
#40 D:/Spencer/Downloads/tara-admin/vendor/laravel/framework/src/Illuminate/Cookie/Middleware/EncryptCookies.php(74): Illuminate/Pipeline/Pipeline->{closure:{closure:Illuminate/Pipeline/Pipeline::carry():194}:195}()
#41 D:/Spencer/Downloads/tara-admin/vendor/laravel/framework/src/Illuminate/Pipeline/Pipeline.php(219): Illuminate/Cookie/Middleware/EncryptCookies->handle()
#42 D:/Spencer/Downloads/tara-admin/vendor/laravel/framework/src/Illuminate/Pipeline/Pipeline.php(137): Illuminate/Pipeline/Pipeline->{closure:{closure:Illuminate/Pipeline/Pipeline::carry():194}:195}()
#43 D:/Spencer/Downloads/tara-admin/vendor/laravel/framework/src/Illuminate/Routing/Router.php(821): Illuminate/Pipeline/Pipeline->then()
#44 D:/Spencer/Downloads/tara-admin/vendor/laravel/framework/src/Illuminate/Routing/Router.php(800): Illuminate/Routing/Router->runRouteWithinStack()
#45 D:/Spencer/Downloads/tara-admin/vendor/laravel/framework/src/Illuminate/Routing/Router.php(764): Illuminate/Routing/Router->runRoute()
#46 D:/Spencer/Downloads/tara-admin/vendor/laravel/framework/src/Illuminate/Routing/Router.php(753): Illuminate/Routing/Router->dispatchToRoute()
#47 D:/Spencer/Downloads/tara-admin/vendor/laravel/framework/src/Illuminate/Foundation/Http/Kernel.php(200): Illuminate/Routing/Router->dispatch()
#48 D:/Spencer/Downloads/tara-admin/vendor/laravel/framework/src/Illuminate/Pipeline/Pipeline.php(180): Illuminate/Foundation/Http/Kernel->{closure:Illuminate/Foundation/Http/Kernel::dispatchToRouter():197}()
#49 D:/Spencer/Downloads/tara-admin/vendor/laravel/framework/src/Illuminate/Foundation/Http/Middleware/TransformsRequest.php(21): Illuminate/Pipeline/Pipeline->{closure:Illuminate/Pipeline/Pipeline::prepareDestination():178}()
#50 D:/Spencer/Downloads/tara-admin/vendor/laravel/framework/src/Illuminate/Foundation/Http/Middleware/ConvertEmptyStringsToNull.php(31): Illuminate/Foundation/Http/Middleware/TransformsRequest->handle()
#51 D:/Spencer/Downloads/tara-admin/vendor/laravel/framework/src/Illuminate/Pipeline/Pipeline.php(219): Illuminate/Foundation/Http/Middleware/ConvertEmptyStringsToNull->handle()
#52 D:/Spencer/Downloads/tara-admin/vendor/laravel/framework/src/Illuminate/Foundation/Http/Middleware/TransformsRequest.php(21): Illuminate/Pipeline/Pipeline->{closure:{closure:Illuminate/Pipeline/Pipeline::carry():194}:195}()
#53 D:/Spencer/Downloads/tara-admin/vendor/laravel/framework/src/Illuminate/Foundation/Http/Middleware/TrimStrings.php(51): Illuminate/Foundation/Http/Middleware/TransformsRequest->handle()
#54 D:/Spencer/Downloads/tara-admin/vendor/laravel/framework/src/Illuminate/Pipeline/Pipeline.php(219): Illuminate/Foundation/Http/Middleware/TrimStrings->handle()
#55 D:/Spencer/Downloads/tara-admin/vendor/laravel/framework/src/Illuminate/Http/Middleware/ValidatePostSize.php(27): Illuminate/Pipeline/Pipeline->{closure:{closure:Illuminate/Pipeline/Pipeline::carry():194}:195}()
#56 D:/Spencer/Downloads/tara-admin/vendor/laravel/framework/src/Illuminate/Pipeline/Pipeline.php(219): Illuminate/Http/Middleware/ValidatePostSize->handle()
#57 D:/Spencer/Downloads/tara-admin/vendor/laravel/framework/src/Illuminate/Foundation/Http/Middleware/PreventRequestsDuringMaintenance.php(110): Illuminate/Pipeline/Pipeline->{closure:{closure:Illuminate/Pipeline/Pipeline::carry():194}:195}()
#58 D:/Spencer/Downloads/tara-admin/vendor/laravel/framework/src/Illuminate/Pipeline/Pipeline.php(219): Illuminate/Foundation/Http/Middleware/PreventRequestsDuringMaintenance->handle()
#59 D:/Spencer/Downloads/tara-admin/vendor/laravel/framework/src/Illuminate/Http/Middleware/HandleCors.php(61): Illuminate/Pipeline/Pipeline->{closure:{closure:Illuminate/Pipeline/Pipeline::carry():194}:195}()
#60 D:/Spencer/Downloads/tara-admin/vendor/laravel/framework/src/Illuminate/Pipeline/Pipeline.php(219): Illuminate/Http/Middleware/HandleCors->handle()
#61 D:/Spencer/Downloads/tara-admin/vendor/laravel/framework/src/Illuminate/Http/Middleware/TrustProxies.php(58): Illuminate/Pipeline/Pipeline->{closure:{closure:Illuminate/Pipeline/Pipeline::carry():194}:195}()
#62 D:/Spencer/Downloads/tara-admin/vendor/laravel/framework/src/Illuminate/Pipeline/Pipeline.php(219): Illuminate/Http/Middleware/TrustProxies->handle()
#63 D:/Spencer/Downloads/tara-admin/vendor/laravel/framework/src/Illuminate/Foundation/Http/Middleware/InvokeDeferredCallbacks.php(22): Illuminate/Pipeline/Pipeline->{closure:{closure:Illuminate/Pipeline/Pipeline::carry():194}:195}()
#64 D:/Spencer/Downloads/tara-admin/vendor/laravel/framework/src/Illuminate/Pipeline/Pipeline.php(219): Illuminate/Foundation/Http/Middleware/InvokeDeferredCallbacks->handle()
#65 D:/Spencer/Downloads/tara-admin/vendor/laravel/framework/src/Illuminate/Http/Middleware/ValidatePathEncoding.php(28): Illuminate/Pipeline/Pipeline->{closure:{closure:Illuminate/Pipeline/Pipeline::carry():194}:195}()
#66 D:/Spencer/Downloads/tara-admin/vendor/laravel/framework/src/Illuminate/Pipeline/Pipeline.php(219): Illuminate/Http/Middleware/ValidatePathEncoding->handle()
#67 D:/Spencer/Downloads/tara-admin/vendor/laravel/framework/src/Illuminate/Pipeline/Pipeline.php(137): Illuminate/Pipeline/Pipeline->{closure:{closure:Illuminate/Pipeline/Pipeline::carry():194}:195}()
#68 D:/Spencer/Downloads/tara-admin/vendor/laravel/framework/src/Illuminate/Foundation/Http/Kernel.php(175): Illuminate/Pipeline/Pipeline->then()
#69 D:/Spencer/Downloads/tara-admin/vendor/laravel/framework/src/Illuminate/Foundation/Http/Kernel.php(144): Illuminate/Foundation/Http/Kernel->sendRequestThroughRouter()
#70 D:/Spencer/Downloads/tara-admin/vendor/laravel/framework/src/Illuminate/Foundation/Application.php(1227): Illuminate/Foundation/Http/Kernel->handle()
#71 D:/Spencer/Downloads/tara-admin/public/index.php(20): Illuminate/Foundation/Application->handleRequest()
#72 D:/Spencer/Downloads/tara-admin/vendor/laravel/framework/src/Illuminate/Foundation/resources/server.php(23): require_once('...')
#73 {main}
"} 
[2026-09-11 07:44:38] local.ERROR: SQLSTATE[08006] [7] connection to server at "aws-0-ap-southeast-1.pooler.supabase.com" (54.255.219.82), port 6543 failed: FATAL:  (ENOTFOUND) tenant/user postgres.knhbkelbapqrnqaozwgb not found (Connection: pgsql_admin, Host: aws-0-ap-southeast-1.pooler.supabase.com, Port: 6543, Database: postgres, SQL: select * from "admin_users" where "email" = test.user.20260911@example.com limit 1) {"exception":"[object] (Illuminate\\Database\\QueryException(code: 7): SQLSTATE[08006] [7] connection to server at \"aws-0-ap-southeast-1.pooler.supabase.com\" (54.255.219.82), port 6543 failed: FATAL:  (ENOTFOUND) tenant/user postgres.knhbkelbapqrnqaozwgb not found (Connection: pgsql_admin, Host: aws-0-ap-southeast-1.pooler.supabase.com, Port: 6543, Database: postgres, SQL: select * from \"admin_users\" where \"email\" = test.user.20260911@example.com limit 1) at D:/Spencer/Downloads/tara-admin/vendor/laravel/framework/src/Illuminate/Database/Connection.php:857)
[stacktrace]
#0 D:/Spencer/Downloads/tara-admin/vendor/laravel/framework/src/Illuminate/Database/Connection.php(813): Illuminate/Database/Connection->runQueryCallback()
#1 D:/Spencer/Downloads/tara-admin/vendor/laravel/framework/src/Illuminate/Database/Connection.php(426): Illuminate/Database/Connection->run()
#2 D:/Spencer/Downloads/tara-admin/vendor/laravel/framework/src/Illuminate/Database/Query/Builder.php(3573): Illuminate/Database/Connection->select()
#3 D:/Spencer/Downloads/tara-admin/vendor/laravel/framework/src/Illuminate/Database/Query/Builder.php(3557): Illuminate/Database/Query/Builder->runSelect()
#4 D:/Spencer/Downloads/tara-admin/vendor/laravel/framework/src/Illuminate/Database/Eloquent/Builder.php(908): Illuminate/Database/Query/Builder->get()
#5 D:/Spencer/Downloads/tara-admin/vendor/laravel/framework/src/Illuminate/Database/Eloquent/Builder.php(890): Illuminate/Database/Eloquent/Builder->getModels()
#6 D:/Spencer/Downloads/tara-admin/vendor/laravel/framework/src/Illuminate/Database/Concerns/BuildsQueries.php(366): Illuminate/Database/Eloquent/Builder->get()
#7 D:/Spencer/Downloads/tara-admin/vendor/laravel/framework/src/Illuminate/Auth/EloquentUserProvider.php(138): Illuminate/Database/Eloquent/Builder->first()
#8 D:/Spencer/Downloads/tara-admin/vendor/laravel/framework/src/Illuminate/Auth/SessionGuard.php(424): Illuminate/Auth/EloquentUserProvider->retrieveByCredentials()
#9 D:/Spencer/Downloads/tara-admin/vendor/laravel/framework/src/Illuminate/Support/Timebox.php(34): Illuminate/Auth/SessionGuard->{closure:Illuminate/Auth/SessionGuard::attempt():421}()
#10 D:/Spencer/Downloads/tara-admin/vendor/laravel/framework/src/Illuminate/Auth/SessionGuard.php(421): Illuminate/Support/Timebox->call()
#11 D:/Spencer/Downloads/tara-admin/app/Http/Controllers/Admin/AuthController.php(24): Illuminate/Auth/SessionGuard->attempt()
#12 D:/Spencer/Downloads/tara-admin/vendor/laravel/framework/src/Illuminate/Routing/ControllerDispatcher.php(46): App/Http/Controllers/Admin/AuthController->login()
#13 D:/Spencer/Downloads/tara-admin/vendor/laravel/framework/src/Illuminate/Routing/Route.php(276): Illuminate/Routing/ControllerDispatcher->dispatch()
#14 D:/Spencer/Downloads/tara-admin/vendor/laravel/framework/src/Illuminate/Routing/Route.php(216): Illuminate/Routing/Route->runController()
#15 D:/Spencer/Downloads/tara-admin/vendor/laravel/framework/src/Illuminate/Routing/Router.php(822): Illuminate/Routing/Route->run()
#16 D:/Spencer/Downloads/tara-admin/vendor/laravel/framework/src/Illuminate/Pipeline/Pipeline.php(180): Illuminate/Routing/Router->{closure:Illuminate/Routing/Router::runRouteWithinStack():821}()
#17 D:/Spencer/Downloads/tara-admin/app/Http/Middleware/RedirectIfAdminAuthenticated.php(25): Illuminate/Pipeline/Pipeline->{closure:Illuminate/Pipeline/Pipeline::prepareDestination():178}()
#18 D:/Spencer/Downloads/tara-admin/vendor/laravel/framework/src/Illuminate/Pipeline/Pipeline.php(219): App/Http/Middleware/RedirectIfAdminAuthenticated->handle()
#19 D:/Spencer/Downloads/tara-admin/vendor/laravel/framework/src/Illuminate/Routing/Middleware/SubstituteBindings.php(52): Illuminate/Pipeline/Pipeline->{closure:{closure:Illuminate/Pipeline/Pipeline::carry():194}:195}()
#20 D:/Spencer/Downloads/tara-admin/vendor/laravel/framework/src/Illuminate/Pipeline/Pipeline.php(219): Illuminate/Routing/Middleware/SubstituteBindings->handle()
#21 D:/Spencer/Downloads/tara-admin/vendor/laravel/framework/src/Illuminate/Foundation/Http/Middleware/PreventRequestForgery.php(104): Illuminate/Pipeline/Pipeline->{closure:{closure:Illuminate/Pipeline/Pipeline::carry():194}:195}()
#22 D:/Spencer/Downloads/tara-admin/vendor/laravel/framework/src/Illuminate/Pipeline/Pipeline.php(219): Illuminate/Foundation/Http/Middleware/PreventRequestForgery->handle()
#23 D:/Spencer/Downloads/tara-admin/vendor/laravel/framework/src/Illuminate/View/Middleware/ShareErrorsFromSession.php(48): Illuminate/Pipeline/Pipeline->{closure:{closure:Illuminate/Pipeline/Pipeline::carry():194}:195}()
#24 D:/Spencer/Downloads/tara-admin/vendor/laravel/framework/src/Illuminate/Pipeline/Pipeline.php(219): Illuminate/View/Middleware/ShareErrorsFromSession->handle()
#25 D:/Spencer/Downloads/tara-admin/vendor/laravel/framework/src/Illuminate/Session/Middleware/StartSession.php(120): Illuminate/Pipeline/Pipeline->{closure:{closure:Illuminate/Pipeline/Pipeline::carry():194}:195}()
#26 D:/Spencer/Downloads/tara-admin/vendor/laravel/framework/src/Illuminate/Session/Middleware/StartSession.php(63): Illuminate/Session/Middleware/StartSession->handleStatefulRequest()
#27 D:/Spencer/Downloads/tara-admin/vendor/laravel/framework/src/Illuminate/Pipeline/Pipeline.php(219): Illuminate/Session/Middleware/StartSession->handle()
#28 D:/Spencer/Downloads/tara-admin/vendor/laravel/framework/src/Illuminate/Cookie/Middleware/AddQueuedCookiesToResponse.php(36): Illuminate/Pipeline/Pipeline->{closure:{closure:Illuminate/Pipeline/Pipeline::carry():194}:195}()
#29 D:/Spencer/Downloads/tara-admin/vendor/laravel/framework/src/Illuminate/Pipeline/Pipeline.php(219): Illuminate/Cookie/Middleware/AddQueuedCookiesToResponse->handle()
#30 D:/Spencer/Downloads/tara-admin/vendor/laravel/framework/src/Illuminate/Cookie/Middleware/EncryptCookies.php(74): Illuminate/Pipeline/Pipeline->{closure:{closure:Illuminate/Pipeline/Pipeline::carry():194}:195}()
#31 D:/Spencer/Downloads/tara-admin/vendor/laravel/framework/src/Illuminate/Pipeline/Pipeline.php(219): Illuminate/Cookie/Middleware/EncryptCookies->handle()
#32 D:/Spencer/Downloads/tara-admin/vendor/laravel/framework/src/Illuminate/Pipeline/Pipeline.php(137): Illuminate/Pipeline/Pipeline->{closure:{closure:Illuminate/Pipeline/Pipeline::carry():194}:195}()
#33 D:/Spencer/Downloads/tara-admin/vendor/laravel/framework/src/Illuminate/Routing/Router.php(821): Illuminate/Pipeline/Pipeline->then()
#34 D:/Spencer/Downloads/tara-admin/vendor/laravel/framework/src/Illuminate/Routing/Router.php(800): Illuminate/Routing/Router->runRouteWithinStack()
#35 D:/Spencer/Downloads/tara-admin/vendor/laravel/framework/src/Illuminate/Routing/Router.php(764): Illuminate/Routing/Router->runRoute()
#36 D:/Spencer/Downloads/tara-admin/vendor/laravel/framework/src/Illuminate/Routing/Router.php(753): Illuminate/Routing/Router->dispatchToRoute()
#37 D:/Spencer/Downloads/tara-admin/vendor/laravel/framework/src/Illuminate/Foundation/Http/Kernel.php(200): Illuminate/Routing/Router->dispatch()
#38 D:/Spencer/Downloads/tara-admin/vendor/laravel/framework/src/Illuminate/Pipeline/Pipeline.php(180): Illuminate/Foundation/Http/Kernel->{closure:Illuminate/Foundation/Http/Kernel::dispatchToRouter():197}()
#39 D:/Spencer/Downloads/tara-admin/vendor/laravel/framework/src/Illuminate/Foundation/Http/Middleware/TransformsRequest.php(21): Illuminate/Pipeline/Pipeline->{closure:Illuminate/Pipeline/Pipeline::prepareDestination():178}()
#40 D:/Spencer/Downloads/tara-admin/vendor/laravel/framework/src/Illuminate/Foundation/Http/Middleware/ConvertEmptyStringsToNull.php(31): Illuminate/Foundation/Http/Middleware/TransformsRequest->handle()
#41 D:/Spencer/Downloads/tara-admin/vendor/laravel/framework/src/Illuminate/Pipeline/Pipeline.php(219): Illuminate/Foundation/Http/Middleware/ConvertEmptyStringsToNull->handle()
#42 D:/Spencer/Downloads/tara-admin/vendor/laravel/framework/src/Illuminate/Foundation/Http/Middleware/TransformsRequest.php(21): Illuminate/Pipeline/Pipeline->{closure:{closure:Illuminate/Pipeline/Pipeline::carry():194}:195}()
#43 D:/Spencer/Downloads/tara-admin/vendor/laravel/framework/src/Illuminate/Foundation/Http/Middleware/TrimStrings.php(51): Illuminate/Foundation/Http/Middleware/TransformsRequest->handle()
#44 D:/Spencer/Downloads/tara-admin/vendor/laravel/framework/src/Illuminate/Pipeline/Pipeline.php(219): Illuminate/Foundation/Http/Middleware/TrimStrings->handle()
#45 D:/Spencer/Downloads/tara-admin/vendor/laravel/framework/src/Illuminate/Http/Middleware/ValidatePostSize.php(27): Illuminate/Pipeline/Pipeline->{closure:{closure:Illuminate/Pipeline/Pipeline::carry():194}:195}()
#46 D:/Spencer/Downloads/tara-admin/vendor/laravel/framework/src/Illuminate/Pipeline/Pipeline.php(219): Illuminate/Http/Middleware/ValidatePostSize->handle()
#47 D:/Spencer/Downloads/tara-admin/vendor/laravel/framework/src/Illuminate/Foundation/Http/Middleware/PreventRequestsDuringMaintenance.php(110): Illuminate/Pipeline/Pipeline->{closure:{closure:Illuminate/Pipeline/Pipeline::carry():194}:195}()
#48 D:/Spencer/Downloads/tara-admin/vendor/laravel/framework/src/Illuminate/Pipeline/Pipeline.php(219): Illuminate/Foundation/Http/Middleware/PreventRequestsDuringMaintenance->handle()
#49 D:/Spencer/Downloads/tara-admin/vendor/laravel/framework/src/Illuminate/Http/Middleware/HandleCors.php(61): Illuminate/Pipeline/Pipeline->{closure:{closure:Illuminate/Pipeline/Pipeline::carry():194}:195}()
#50 D:/Spencer/Downloads/tara-admin/vendor/laravel/framework/src/Illuminate/Pipeline/Pipeline.php(219): Illuminate/Http/Middleware/HandleCors->handle()
#51 D:/Spencer/Downloads/tara-admin/vendor/laravel/framework/src/Illuminate/Http/Middleware/TrustProxies.php(58): Illuminate/Pipeline/Pipeline->{closure:{closure:Illuminate/Pipeline/Pipeline::carry():194}:195}()
#52 D:/Spencer/Downloads/tara-admin/vendor/laravel/framework/src/Illuminate/Pipeline/Pipeline.php(219): Illuminate/Http/Middleware/TrustProxies->handle()
#53 D:/Spencer/Downloads/tara-admin/vendor/laravel/framework/src/Illuminate/Foundation/Http/Middleware/InvokeDeferredCallbacks.php(22): Illuminate/Pipeline/Pipeline->{closure:{closure:Illuminate/Pipeline/Pipeline::carry():194}:195}()
#54 D:/Spencer/Downloads/tara-admin/vendor/laravel/framework/src/Illuminate/Pipeline/Pipeline.php(219): Illuminate/Foundation/Http/Middleware/InvokeDeferredCallbacks->handle()
#55 D:/Spencer/Downloads/tara-admin/vendor/laravel/framework/src/Illuminate/Http/Middleware/ValidatePathEncoding.php(28): Illuminate/Pipeline/Pipeline->{closure:{closure:Illuminate/Pipeline/Pipeline::carry():194}:195}()
#56 D:/Spencer/Downloads/tara-admin/vendor/laravel/framework/src/Illuminate/Pipeline/Pipeline.php(219): Illuminate/Http/Middleware/ValidatePathEncoding->handle()
#57 D:/Spencer/Downloads/tara-admin/vendor/laravel/framework/src/Illuminate/Pipeline/Pipeline.php(137): Illuminate/Pipeline/Pipeline->{closure:{closure:Illuminate/Pipeline/Pipeline::carry():194}:195}()
#58 D:/Spencer/Downloads/tara-admin/vendor/laravel/framework/src/Illuminate/Foundation/Http/Kernel.php(175): Illuminate/Pipeline/Pipeline->then()
#59 D:/Spencer/Downloads/tara-admin/vendor/laravel/framework/src/Illuminate/Foundation/Http/Kernel.php(144): Illuminate/Foundation/Http/Kernel->sendRequestThroughRouter()
#60 D:/Spencer/Downloads/tara-admin/vendor/laravel/framework/src/Illuminate/Foundation/Application.php(1227): Illuminate/Foundation/Http/Kernel->handle()
#61 D:/Spencer/Downloads/tara-admin/public/index.php(20): Illuminate/Foundation/Application->handleRequest()
#62 D:/Spencer/Downloads/tara-admin/vendor/laravel/framework/src/Illuminate/Foundation/resources/server.php(23): require_once('...')
#63 {main}

[previous exception] [object] (PDOException(code: 7): SQLSTATE[08006] [7] connection to server at \"aws-0-ap-southeast-1.pooler.supabase.com\" (54.255.219.82), port 6543 failed: FATAL:  (ENOTFOUND) tenant/user postgres.knhbkelbapqrnqaozwgb not found at D:/Spencer/Downloads/tara-admin/vendor/laravel/framework/src/Illuminate/Database/Connectors/Connector.php:67)
[stacktrace]
#0 D:/Spencer/Downloads/tara-admin/vendor/laravel/framework/src/Illuminate/Database/Connectors/Connector.php(67): PDO::connect()
#1 D:/Spencer/Downloads/tara-admin/vendor/laravel/framework/src/Illuminate/Database/Connectors/Connector.php(44): Illuminate/Database/Connectors/Connector->createPdoConnection()
#2 D:/Spencer/Downloads/tara-admin/vendor/laravel/framework/src/Illuminate/Database/Connectors/PostgresConnector.php(35): Illuminate/Database/Connectors/Connector->createConnection()
#3 D:/Spencer/Downloads/tara-admin/vendor/laravel/framework/src/Illuminate/Database/Connectors/ConnectionFactory.php(220): Illuminate/Database/Connectors/PostgresConnector->connect()
#4 [internal function]: Illuminate/Database/Connectors/ConnectionFactory->{closure:Illuminate/Database/Connectors/ConnectionFactory::createPdoResolverWithHosts():213}()
#5 D:/Spencer/Downloads/tara-admin/vendor/laravel/framework/src/Illuminate/Database/Connection.php(1297): call_user_func()
#6 D:/Spencer/Downloads/tara-admin/vendor/laravel/framework/src/Illuminate/Database/Connection.php(1335): Illuminate/Database/Connection->getPdo()
#7 D:/Spencer/Downloads/tara-admin/vendor/laravel/framework/src/Illuminate/Database/Connection.php(542): Illuminate/Database/Connection->getReadPdo()
#8 D:/Spencer/Downloads/tara-admin/vendor/laravel/framework/src/Illuminate/Database/Connection.php(435): Illuminate/Database/Connection->getPdoForSelect()
#9 D:/Spencer/Downloads/tara-admin/vendor/laravel/framework/src/Illuminate/Database/Connection.php(846): Illuminate/Database/Connection->{closure:Illuminate/Database/Connection::select():426}()
#10 D:/Spencer/Downloads/tara-admin/vendor/laravel/framework/src/Illuminate/Database/Connection.php(813): Illuminate/Database/Connection->runQueryCallback()
#11 D:/Spencer/Downloads/tara-admin/vendor/laravel/framework/src/Illuminate/Database/Connection.php(426): Illuminate/Database/Connection->run()
#12 D:/Spencer/Downloads/tara-admin/vendor/laravel/framework/src/Illuminate/Database/Query/Builder.php(3573): Illuminate/Database/Connection->select()
#13 D:/Spencer/Downloads/tara-admin/vendor/laravel/framework/src/Illuminate/Database/Query/Builder.php(3557): Illuminate/Database/Query/Builder->runSelect()
#14 D:/Spencer/Downloads/tara-admin/vendor/laravel/framework/src/Illuminate/Database/Eloquent/Builder.php(908): Illuminate/Database/Query/Builder->get()
#15 D:/Spencer/Downloads/tara-admin/vendor/laravel/framework/src/Illuminate/Database/Eloquent/Builder.php(890): Illuminate/Database/Eloquent/Builder->getModels()
#16 D:/Spencer/Downloads/tara-admin/vendor/laravel/framework/src/Illuminate/Database/Concerns/BuildsQueries.php(366): Illuminate/Database/Eloquent/Builder->get()
#17 D:/Spencer/Downloads/tara-admin/vendor/laravel/framework/src/Illuminate/Auth/EloquentUserProvider.php(138): Illuminate/Database/Eloquent/Builder->first()
#18 D:/Spencer/Downloads/tara-admin/vendor/laravel/framework/src/Illuminate/Auth/SessionGuard.php(424): Illuminate/Auth/EloquentUserProvider->retrieveByCredentials()
#19 D:/Spencer/Downloads/tara-admin/vendor/laravel/framework/src/Illuminate/Support/Timebox.php(34): Illuminate/Auth/SessionGuard->{closure:Illuminate/Auth/SessionGuard::attempt():421}()
#20 D:/Spencer/Downloads/tara-admin/vendor/laravel/framework/src/Illuminate/Auth/SessionGuard.php(421): Illuminate/Support/Timebox->call()
#21 D:/Spencer/Downloads/tara-admin/app/Http/Controllers/Admin/AuthController.php(24): Illuminate/Auth/SessionGuard->attempt()
#22 D:/Spencer/Downloads/tara-admin/vendor/laravel/framework/src/Illuminate/Routing/ControllerDispatcher.php(46): App/Http/Controllers/Admin/AuthController->login()
#23 D:/Spencer/Downloads/tara-admin/vendor/laravel/framework/src/Illuminate/Routing/Route.php(276): Illuminate/Routing/ControllerDispatcher->dispatch()
#24 D:/Spencer/Downloads/tara-admin/vendor/laravel/framework/src/Illuminate/Routing/Route.php(216): Illuminate/Routing/Route->runController()
#25 D:/Spencer/Downloads/tara-admin/vendor/laravel/framework/src/Illuminate/Routing/Router.php(822): Illuminate/Routing/Route->run()
#26 D:/Spencer/Downloads/tara-admin/vendor/laravel/framework/src/Illuminate/Pipeline/Pipeline.php(180): Illuminate/Routing/Router->{closure:Illuminate/Routing/Router::runRouteWithinStack():821}()
#27 D:/Spencer/Downloads/tara-admin/app/Http/Middleware/RedirectIfAdminAuthenticated.php(25): Illuminate/Pipeline/Pipeline->{closure:Illuminate/Pipeline/Pipeline::prepareDestination():178}()
#28 D:/Spencer/Downloads/tara-admin/vendor/laravel/framework/src/Illuminate/Pipeline/Pipeline.php(219): App/Http/Middleware/RedirectIfAdminAuthenticated->handle()
#29 D:/Spencer/Downloads/tara-admin/vendor/laravel/framework/src/Illuminate/Routing/Middleware/SubstituteBindings.php(52): Illuminate/Pipeline/Pipeline->{closure:{closure:Illuminate/Pipeline/Pipeline::carry():194}:195}()
#30 D:/Spencer/Downloads/tara-admin/vendor/laravel/framework/src/Illuminate/Pipeline/Pipeline.php(219): Illuminate/Routing/Middleware/SubstituteBindings->handle()
#31 D:/Spencer/Downloads/tara-admin/vendor/laravel/framework/src/Illuminate/Foundation/Http/Middleware/PreventRequestForgery.php(104): Illuminate/Pipeline/Pipeline->{closure:{closure:Illuminate/Pipeline/Pipeline::carry():194}:195}()
#32 D:/Spencer/Downloads/tara-admin/vendor/laravel/framework/src/Illuminate/Pipeline/Pipeline.php(219): Illuminate/Foundation/Http/Middleware/PreventRequestForgery->handle()
#33 D:/Spencer/Downloads/tara-admin/vendor/laravel/framework/src/Illuminate/View/Middleware/ShareErrorsFromSession.php(48): Illuminate/Pipeline/Pipeline->{closure:{closure:Illuminate/Pipeline/Pipeline::carry():194}:195}()
#34 D:/Spencer/Downloads/tara-admin/vendor/laravel/framework/src/Illuminate/Pipeline/Pipeline.php(219): Illuminate/View/Middleware/ShareErrorsFromSession->handle()
#35 D:/Spencer/Downloads/tara-admin/vendor/laravel/framework/src/Illuminate/Session/Middleware/StartSession.php(120): Illuminate/Pipeline/Pipeline->{closure:{closure:Illuminate/Pipeline/Pipeline::carry():194}:195}()
#36 D:/Spencer/Downloads/tara-admin/vendor/laravel/framework/src/Illuminate/Session/Middleware/StartSession.php(63): Illuminate/Session/Middleware/StartSession->handleStatefulRequest()
#37 D:/Spencer/Downloads/tara-admin/vendor/laravel/framework/src/Illuminate/Pipeline/Pipeline.php(219): Illuminate/Session/Middleware/StartSession->handle()
#38 D:/Spencer/Downloads/tara-admin/vendor/laravel/framework/src/Illuminate/Cookie/Middleware/AddQueuedCookiesToResponse.php(36): Illuminate/Pipeline/Pipeline->{closure:{closure:Illuminate/Pipeline/Pipeline::carry():194}:195}()
#39 D:/Spencer/Downloads/tara-admin/vendor/laravel/framework/src/Illuminate/Pipeline/Pipeline.php(219): Illuminate/Cookie/Middleware/AddQueuedCookiesToResponse->handle()
#40 D:/Spencer/Downloads/tara-admin/vendor/laravel/framework/src/Illuminate/Cookie/Middleware/EncryptCookies.php(74): Illuminate/Pipeline/Pipeline->{closure:{closure:Illuminate/Pipeline/Pipeline::carry():194}:195}()
#41 D:/Spencer/Downloads/tara-admin/vendor/laravel/framework/src/Illuminate/Pipeline/Pipeline.php(219): Illuminate/Cookie/Middleware/EncryptCookies->handle()
#42 D:/Spencer/Downloads/tara-admin/vendor/laravel/framework/src/Illuminate/Pipeline/Pipeline.php(137): Illuminate/Pipeline/Pipeline->{closure:{closure:Illuminate/Pipeline/Pipeline::carry():194}:195}()
#43 D:/Spencer/Downloads/tara-admin/vendor/laravel/framework/src/Illuminate/Routing/Router.php(821): Illuminate/Pipeline/Pipeline->then()
#44 D:/Spencer/Downloads/tara-admin/vendor/laravel/framework/src/Illuminate/Routing/Router.php(800): Illuminate/Routing/Router->runRouteWithinStack()
#45 D:/Spencer/Downloads/tara-admin/vendor/laravel/framework/src/Illuminate/Routing/Router.php(764): Illuminate/Routing/Router->runRoute()
#46 D:/Spencer/Downloads/tara-admin/vendor/laravel/framework/src/Illuminate/Routing/Router.php(753): Illuminate/Routing/Router->dispatchToRoute()
#47 D:/Spencer/Downloads/tara-admin/vendor/laravel/framework/src/Illuminate/Foundation/Http/Kernel.php(200): Illuminate/Routing/Router->dispatch()
#48 D:/Spencer/Downloads/tara-admin/vendor/laravel/framework/src/Illuminate/Pipeline/Pipeline.php(180): Illuminate/Foundation/Http/Kernel->{closure:Illuminate/Foundation/Http/Kernel::dispatchToRouter():197}()
#49 D:/Spencer/Downloads/tara-admin/vendor/laravel/framework/src/Illuminate/Foundation/Http/Middleware/TransformsRequest.php(21): Illuminate/Pipeline/Pipeline->{closure:Illuminate/Pipeline/Pipeline::prepareDestination():178}()
#50 D:/Spencer/Downloads/tara-admin/vendor/laravel/framework/src/Illuminate/Foundation/Http/Middleware/ConvertEmptyStringsToNull.php(31): Illuminate/Foundation/Http/Middleware/TransformsRequest->handle()
#51 D:/Spencer/Downloads/tara-admin/vendor/laravel/framework/src/Illuminate/Pipeline/Pipeline.php(219): Illuminate/Foundation/Http/Middleware/ConvertEmptyStringsToNull->handle()
#52 D:/Spencer/Downloads/tara-admin/vendor/laravel/framework/src/Illuminate/Foundation/Http/Middleware/TransformsRequest.php(21): Illuminate/Pipeline/Pipeline->{closure:{closure:Illuminate/Pipeline/Pipeline::carry():194}:195}()
#53 D:/Spencer/Downloads/tara-admin/vendor/laravel/framework/src/Illuminate/Foundation/Http/Middleware/TrimStrings.php(51): Illuminate/Foundation/Http/Middleware/TransformsRequest->handle()
#54 D:/Spencer/Downloads/tara-admin/vendor/laravel/framework/src/Illuminate/Pipeline/Pipeline.php(219): Illuminate/Foundation/Http/Middleware/TrimStrings->handle()
#55 D:/Spencer/Downloads/tara-admin/vendor/laravel/framework/src/Illuminate/Http/Middleware/ValidatePostSize.php(27): Illuminate/Pipeline/Pipeline->{closure:{closure:Illuminate/Pipeline/Pipeline::carry():194}:195}()
#56 D:/Spencer/Downloads/tara-admin/vendor/laravel/framework/src/Illuminate/Pipeline/Pipeline.php(219): Illuminate/Http/Middleware/ValidatePostSize->handle()
#57 D:/Spencer/Downloads/tara-admin/vendor/laravel/framework/src/Illuminate/Foundation/Http/Middleware/PreventRequestsDuringMaintenance.php(110): Illuminate/Pipeline/Pipeline->{closure:{closure:Illuminate/Pipeline/Pipeline::carry():194}:195}()
#58 D:/Spencer/Downloads/tara-admin/vendor/laravel/framework/src/Illuminate/Pipeline/Pipeline.php(219): Illuminate/Foundation/Http/Middleware/PreventRequestsDuringMaintenance->handle()
#59 D:/Spencer/Downloads/tara-admin/vendor/laravel/framework/src/Illuminate/Http/Middleware/HandleCors.php(61): Illuminate/Pipeline/Pipeline->{closure:{closure:Illuminate/Pipeline/Pipeline::carry():194}:195}()
#60 D:/Spencer/Downloads/tara-admin/vendor/laravel/framework/src/Illuminate/Pipeline/Pipeline.php(219): Illuminate/Http/Middleware/HandleCors->handle()
#61 D:/Spencer/Downloads/tara-admin/vendor/laravel/framework/src/Illuminate/Http/Middleware/TrustProxies.php(58): Illuminate/Pipeline/Pipeline->{closure:{closure:Illuminate/Pipeline/Pipeline::carry():194}:195}()
#62 D:/Spencer/Downloads/tara-admin/vendor/laravel/framework/src/Illuminate/Pipeline/Pipeline.php(219): Illuminate/Http/Middleware/TrustProxies->handle()
#63 D:/Spencer/Downloads/tara-admin/vendor/laravel/framework/src/Illuminate/Foundation/Http/Middleware/InvokeDeferredCallbacks.php(22): Illuminate/Pipeline/Pipeline->{closure:{closure:Illuminate/Pipeline/Pipeline::carry():194}:195}()
#64 D:/Spencer/Downloads/tara-admin/vendor/laravel/framework/src/Illuminate/Pipeline/Pipeline.php(219): Illuminate/Foundation/Http/Middleware/InvokeDeferredCallbacks->handle()
#65 D:/Spencer/Downloads/tara-admin/vendor/laravel/framework/src/Illuminate/Http/Middleware/ValidatePathEncoding.php(28): Illuminate/Pipeline/Pipeline->{closure:{closure:Illuminate/Pipeline/Pipeline::carry():194}:195}()
#66 D:/Spencer/Downloads/tara-admin/vendor/laravel/framework/src/Illuminate/Pipeline/Pipeline.php(219): Illuminate/Http/Middleware/ValidatePathEncoding->handle()
#67 D:/Spencer/Downloads/tara-admin/vendor/laravel/framework/src/Illuminate/Pipeline/Pipeline.php(137): Illuminate/Pipeline/Pipeline->{closure:{closure:Illuminate/Pipeline/Pipeline::carry():194}:195}()
#68 D:/Spencer/Downloads/tara-admin/vendor/laravel/framework/src/Illuminate/Foundation/Http/Kernel.php(175): Illuminate/Pipeline/Pipeline->then()
#69 D:/Spencer/Downloads/tara-admin/vendor/laravel/framework/src/Illuminate/Foundation/Http/Kernel.php(144): Illuminate/Foundation/Http/Kernel->sendRequestThroughRouter()
#70 D:/Spencer/Downloads/tara-admin/vendor/laravel/framework/src/Illuminate/Foundation/Application.php(1227): Illuminate/Foundation/Http/Kernel->handle()
#71 D:/Spencer/Downloads/tara-admin/public/index.php(20): Illuminate/Foundation/Application->handleRequest()
#72 D:/Spencer/Downloads/tara-admin/vendor/laravel/framework/src/Illuminate/Foundation/resources/server.php(23): require_once('...')
#73 {main}
"} 
[2026-09-11 07:46:03] local.ERROR: SQLSTATE[08006] [7] connection to server at "db.knhbkelbapqrnqaozwgb.supabase.co" (2406:da12:5ca:b700:26b7:7321:a302:7298), port 5432 failed: FATAL:  password authentication failed for user "postgres" (Connection: pgsql_admin, Host: db.knhbkelbapqrnqaozwgb.supabase.co, Port: 5432, Database: postgres, SQL: select * from "admin_users" where "email" = test.user.20260911@example.com limit 1) {"exception":"[object] (Illuminate\\Database\\QueryException(code: 7): SQLSTATE[08006] [7] connection to server at \"db.knhbkelbapqrnqaozwgb.supabase.co\" (2406:da12:5ca:b700:26b7:7321:a302:7298), port 5432 failed: FATAL:  password authentication failed for user \"postgres\" (Connection: pgsql_admin, Host: db.knhbkelbapqrnqaozwgb.supabase.co, Port: 5432, Database: postgres, SQL: select * from \"admin_users\" where \"email\" = test.user.20260911@example.com limit 1) at D:/Spencer/Downloads/tara-admin/vendor/laravel/framework/src/Illuminate/Database/Connection.php:857)
[stacktrace]
#0 D:/Spencer/Downloads/tara-admin/vendor/laravel/framework/src/Illuminate/Database/Connection.php(813): Illuminate/Database/Connection->runQueryCallback()
#1 D:/Spencer/Downloads/tara-admin/vendor/laravel/framework/src/Illuminate/Database/Connection.php(426): Illuminate/Database/Connection->run()
#2 D:/Spencer/Downloads/tara-admin/vendor/laravel/framework/src/Illuminate/Database/Query/Builder.php(3573): Illuminate/Database/Connection->select()
#3 D:/Spencer/Downloads/tara-admin/vendor/laravel/framework/src/Illuminate/Database/Query/Builder.php(3557): Illuminate/Database/Query/Builder->runSelect()
#4 D:/Spencer/Downloads/tara-admin/vendor/laravel/framework/src/Illuminate/Database/Eloquent/Builder.php(908): Illuminate/Database/Query/Builder->get()
#5 D:/Spencer/Downloads/tara-admin/vendor/laravel/framework/src/Illuminate/Database/Eloquent/Builder.php(890): Illuminate/Database/Eloquent/Builder->getModels()
#6 D:/Spencer/Downloads/tara-admin/vendor/laravel/framework/src/Illuminate/Database/Concerns/BuildsQueries.php(366): Illuminate/Database/Eloquent/Builder->get()
#7 D:/Spencer/Downloads/tara-admin/vendor/laravel/framework/src/Illuminate/Auth/EloquentUserProvider.php(138): Illuminate/Database/Eloquent/Builder->first()
#8 D:/Spencer/Downloads/tara-admin/vendor/laravel/framework/src/Illuminate/Auth/SessionGuard.php(424): Illuminate/Auth/EloquentUserProvider->retrieveByCredentials()
#9 D:/Spencer/Downloads/tara-admin/vendor/laravel/framework/src/Illuminate/Support/Timebox.php(34): Illuminate/Auth/SessionGuard->{closure:Illuminate/Auth/SessionGuard::attempt():421}()
#10 D:/Spencer/Downloads/tara-admin/vendor/laravel/framework/src/Illuminate/Auth/SessionGuard.php(421): Illuminate/Support/Timebox->call()
#11 D:/Spencer/Downloads/tara-admin/app/Http/Controllers/Admin/AuthController.php(24): Illuminate/Auth/SessionGuard->attempt()
#12 D:/Spencer/Downloads/tara-admin/vendor/laravel/framework/src/Illuminate/Routing/ControllerDispatcher.php(46): App/Http/Controllers/Admin/AuthController->login()
#13 D:/Spencer/Downloads/tara-admin/vendor/laravel/framework/src/Illuminate/Routing/Route.php(276): Illuminate/Routing/ControllerDispatcher->dispatch()
#14 D:/Spencer/Downloads/tara-admin/vendor/laravel/framework/src/Illuminate/Routing/Route.php(216): Illuminate/Routing/Route->runController()
#15 D:/Spencer/Downloads/tara-admin/vendor/laravel/framework/src/Illuminate/Routing/Router.php(822): Illuminate/Routing/Route->run()
#16 D:/Spencer/Downloads/tara-admin/vendor/laravel/framework/src/Illuminate/Pipeline/Pipeline.php(180): Illuminate/Routing/Router->{closure:Illuminate/Routing/Router::runRouteWithinStack():821}()
#17 D:/Spencer/Downloads/tara-admin/app/Http/Middleware/RedirectIfAdminAuthenticated.php(25): Illuminate/Pipeline/Pipeline->{closure:Illuminate/Pipeline/Pipeline::prepareDestination():178}()
#18 D:/Spencer/Downloads/tara-admin/vendor/laravel/framework/src/Illuminate/Pipeline/Pipeline.php(219): App/Http/Middleware/RedirectIfAdminAuthenticated->handle()
#19 D:/Spencer/Downloads/tara-admin/vendor/laravel/framework/src/Illuminate/Routing/Middleware/SubstituteBindings.php(52): Illuminate/Pipeline/Pipeline->{closure:{closure:Illuminate/Pipeline/Pipeline::carry():194}:195}()
#20 D:/Spencer/Downloads/tara-admin/vendor/laravel/framework/src/Illuminate/Pipeline/Pipeline.php(219): Illuminate/Routing/Middleware/SubstituteBindings->handle()
#21 D:/Spencer/Downloads/tara-admin/vendor/laravel/framework/src/Illuminate/Foundation/Http/Middleware/PreventRequestForgery.php(104): Illuminate/Pipeline/Pipeline->{closure:{closure:Illuminate/Pipeline/Pipeline::carry():194}:195}()
#22 D:/Spencer/Downloads/tara-admin/vendor/laravel/framework/src/Illuminate/Pipeline/Pipeline.php(219): Illuminate/Foundation/Http/Middleware/PreventRequestForgery->handle()
#23 D:/Spencer/Downloads/tara-admin/vendor/laravel/framework/src/Illuminate/View/Middleware/ShareErrorsFromSession.php(48): Illuminate/Pipeline/Pipeline->{closure:{closure:Illuminate/Pipeline/Pipeline::carry():194}:195}()
#24 D:/Spencer/Downloads/tara-admin/vendor/laravel/framework/src/Illuminate/Pipeline/Pipeline.php(219): Illuminate/View/Middleware/ShareErrorsFromSession->handle()
#25 D:/Spencer/Downloads/tara-admin/vendor/laravel/framework/src/Illuminate/Session/Middleware/StartSession.php(120): Illuminate/Pipeline/Pipeline->{closure:{closure:Illuminate/Pipeline/Pipeline::carry():194}:195}()
#26 D:/Spencer/Downloads/tara-admin/vendor/laravel/framework/src/Illuminate/Session/Middleware/StartSession.php(63): Illuminate/Session/Middleware/StartSession->handleStatefulRequest()
#27 D:/Spencer/Downloads/tara-admin/vendor/laravel/framework/src/Illuminate/Pipeline/Pipeline.php(219): Illuminate/Session/Middleware/StartSession->handle()
#28 D:/Spencer/Downloads/tara-admin/vendor/laravel/framework/src/Illuminate/Cookie/Middleware/AddQueuedCookiesToResponse.php(36): Illuminate/Pipeline/Pipeline->{closure:{closure:Illuminate/Pipeline/Pipeline::carry():194}:195}()
#29 D:/Spencer/Downloads/tara-admin/vendor/laravel/framework/src/Illuminate/Pipeline/Pipeline.php(219): Illuminate/Cookie/Middleware/AddQueuedCookiesToResponse->handle()
#30 D:/Spencer/Downloads/tara-admin/vendor/laravel/framework/src/Illuminate/Cookie/Middleware/EncryptCookies.php(74): Illuminate/Pipeline/Pipeline->{closure:{closure:Illuminate/Pipeline/Pipeline::carry():194}:195}()
#31 D:/Spencer/Downloads/tara-admin/vendor/laravel/framework/src/Illuminate/Pipeline/Pipeline.php(219): Illuminate/Cookie/Middleware/EncryptCookies->handle()
#32 D:/Spencer/Downloads/tara-admin/vendor/laravel/framework/src/Illuminate/Pipeline/Pipeline.php(137): Illuminate/Pipeline/Pipeline->{closure:{closure:Illuminate/Pipeline/Pipeline::carry():194}:195}()
#33 D:/Spencer/Downloads/tara-admin/vendor/laravel/framework/src/Illuminate/Routing/Router.php(821): Illuminate/Pipeline/Pipeline->then()
#34 D:/Spencer/Downloads/tara-admin/vendor/laravel/framework/src/Illuminate/Routing/Router.php(800): Illuminate/Routing/Router->runRouteWithinStack()
#35 D:/Spencer/Downloads/tara-admin/vendor/laravel/framework/src/Illuminate/Routing/Router.php(764): Illuminate/Routing/Router->runRoute()
#36 D:/Spencer/Downloads/tara-admin/vendor/laravel/framework/src/Illuminate/Routing/Router.php(753): Illuminate/Routing/Router->dispatchToRoute()
#37 D:/Spencer/Downloads/tara-admin/vendor/laravel/framework/src/Illuminate/Foundation/Http/Kernel.php(200): Illuminate/Routing/Router->dispatch()
#38 D:/Spencer/Downloads/tara-admin/vendor/laravel/framework/src/Illuminate/Pipeline/Pipeline.php(180): Illuminate/Foundation/Http/Kernel->{closure:Illuminate/Foundation/Http/Kernel::dispatchToRouter():197}()
#39 D:/Spencer/Downloads/tara-admin/vendor/laravel/framework/src/Illuminate/Foundation/Http/Middleware/TransformsRequest.php(21): Illuminate/Pipeline/Pipeline->{closure:Illuminate/Pipeline/Pipeline::prepareDestination():178}()
#40 D:/Spencer/Downloads/tara-admin/vendor/laravel/framework/src/Illuminate/Foundation/Http/Middleware/ConvertEmptyStringsToNull.php(31): Illuminate/Foundation/Http/Middleware/TransformsRequest->handle()
#41 D:/Spencer/Downloads/tara-admin/vendor/laravel/framework/src/Illuminate/Pipeline/Pipeline.php(219): Illuminate/Foundation/Http/Middleware/ConvertEmptyStringsToNull->handle()
#42 D:/Spencer/Downloads/tara-admin/vendor/laravel/framework/src/Illuminate/Foundation/Http/Middleware/TransformsRequest.php(21): Illuminate/Pipeline/Pipeline->{closure:{closure:Illuminate/Pipeline/Pipeline::carry():194}:195}()
#43 D:/Spencer/Downloads/tara-admin/vendor/laravel/framework/src/Illuminate/Foundation/Http/Middleware/TrimStrings.php(51): Illuminate/Foundation/Http/Middleware/TransformsRequest->handle()
#44 D:/Spencer/Downloads/tara-admin/vendor/laravel/framework/src/Illuminate/Pipeline/Pipeline.php(219): Illuminate/Foundation/Http/Middleware/TrimStrings->handle()
#45 D:/Spencer/Downloads/tara-admin/vendor/laravel/framework/src/Illuminate/Http/Middleware/ValidatePostSize.php(27): Illuminate/Pipeline/Pipeline->{closure:{closure:Illuminate/Pipeline/Pipeline::carry():194}:195}()
#46 D:/Spencer/Downloads/tara-admin/vendor/laravel/framework/src/Illuminate/Pipeline/Pipeline.php(219): Illuminate/Http/Middleware/ValidatePostSize->handle()
#47 D:/Spencer/Downloads/tara-admin/vendor/laravel/framework/src/Illuminate/Foundation/Http/Middleware/PreventRequestsDuringMaintenance.php(110): Illuminate/Pipeline/Pipeline->{closure:{closure:Illuminate/Pipeline/Pipeline::carry():194}:195}()
#48 D:/Spencer/Downloads/tara-admin/vendor/laravel/framework/src/Illuminate/Pipeline/Pipeline.php(219): Illuminate/Foundation/Http/Middleware/PreventRequestsDuringMaintenance->handle()
#49 D:/Spencer/Downloads/tara-admin/vendor/laravel/framework/src/Illuminate/Http/Middleware/HandleCors.php(61): Illuminate/Pipeline/Pipeline->{closure:{closure:Illuminate/Pipeline/Pipeline::carry():194}:195}()
#50 D:/Spencer/Downloads/tara-admin/vendor/laravel/framework/src/Illuminate/Pipeline/Pipeline.php(219): Illuminate/Http/Middleware/HandleCors->handle()
#51 D:/Spencer/Downloads/tara-admin/vendor/laravel/framework/src/Illuminate/Http/Middleware/TrustProxies.php(58): Illuminate/Pipeline/Pipeline->{closure:{closure:Illuminate/Pipeline/Pipeline::carry():194}:195}()
#52 D:/Spencer/Downloads/tara-admin/vendor/laravel/framework/src/Illuminate/Pipeline/Pipeline.php(219): Illuminate/Http/Middleware/TrustProxies->handle()
#53 D:/Spencer/Downloads/tara-admin/vendor/laravel/framework/src/Illuminate/Foundation/Http/Middleware/InvokeDeferredCallbacks.php(22): Illuminate/Pipeline/Pipeline->{closure:{closure:Illuminate/Pipeline/Pipeline::carry():194}:195}()
#54 D:/Spencer/Downloads/tara-admin/vendor/laravel/framework/src/Illuminate/Pipeline/Pipeline.php(219): Illuminate/Foundation/Http/Middleware/InvokeDeferredCallbacks->handle()
#55 D:/Spencer/Downloads/tara-admin/vendor/laravel/framework/src/Illuminate/Http/Middleware/ValidatePathEncoding.php(28): Illuminate/Pipeline/Pipeline->{closure:{closure:Illuminate/Pipeline/Pipeline::carry():194}:195}()
#56 D:/Spencer/Downloads/tara-admin/vendor/laravel/framework/src/Illuminate/Pipeline/Pipeline.php(219): Illuminate/Http/Middleware/ValidatePathEncoding->handle()
#57 D:/Spencer/Downloads/tara-admin/vendor/laravel/framework/src/Illuminate/Pipeline/Pipeline.php(137): Illuminate/Pipeline/Pipeline->{closure:{closure:Illuminate/Pipeline/Pipeline::carry():194}:195}()
#58 D:/Spencer/Downloads/tara-admin/vendor/laravel/framework/src/Illuminate/Foundation/Http/Kernel.php(175): Illuminate/Pipeline/Pipeline->then()
#59 D:/Spencer/Downloads/tara-admin/vendor/laravel/framework/src/Illuminate/Foundation/Http/Kernel.php(144): Illuminate/Foundation/Http/Kernel->sendRequestThroughRouter()
#60 D:/Spencer/Downloads/tara-admin/vendor/laravel/framework/src/Illuminate/Foundation/Application.php(1227): Illuminate/Foundation/Http/Kernel->handle()
#61 D:/Spencer/Downloads/tara-admin/public/index.php(20): Illuminate/Foundation/Application->handleRequest()
#62 D:/Spencer/Downloads/tara-admin/vendor/laravel/framework/src/Illuminate/Foundation/resources/server.php(23): require_once('...')
#63 {main}

[previous exception] [object] (PDOException(code: 7): SQLSTATE[08006] [7] connection to server at \"db.knhbkelbapqrnqaozwgb.supabase.co\" (2406:da12:5ca:b700:26b7:7321:a302:7298), port 5432 failed: FATAL:  password authentication failed for user \"postgres\" at D:/Spencer/Downloads/tara-admin/vendor/laravel/framework/src/Illuminate/Database/Connectors/Connector.php:67)
[stacktrace]
#0 D:/Spencer/Downloads/tara-admin/vendor/laravel/framework/src/Illuminate/Database/Connectors/Connector.php(67): PDO::connect()
#1 D:/Spencer/Downloads/tara-admin/vendor/laravel/framework/src/Illuminate/Database/Connectors/Connector.php(44): Illuminate/Database/Connectors/Connector->createPdoConnection()
#2 D:/Spencer/Downloads/tara-admin/vendor/laravel/framework/src/Illuminate/Database/Connectors/PostgresConnector.php(35): Illuminate/Database/Connectors/Connector->createConnection()
#3 D:/Spencer/Downloads/tara-admin/vendor/laravel/framework/src/Illuminate/Database/Connectors/ConnectionFactory.php(220): Illuminate/Database/Connectors/PostgresConnector->connect()
#4 [internal function]: Illuminate/Database/Connectors/ConnectionFactory->{closure:Illuminate/Database/Connectors/ConnectionFactory::createPdoResolverWithHosts():213}()
#5 D:/Spencer/Downloads/tara-admin/vendor/laravel/framework/src/Illuminate/Database/Connection.php(1297): call_user_func()
#6 D:/Spencer/Downloads/tara-admin/vendor/laravel/framework/src/Illuminate/Database/Connection.php(1335): Illuminate/Database/Connection->getPdo()
#7 D:/Spencer/Downloads/tara-admin/vendor/laravel/framework/src/Illuminate/Database/Connection.php(542): Illuminate/Database/Connection->getReadPdo()
#8 D:/Spencer/Downloads/tara-admin/vendor/laravel/framework/src/Illuminate/Database/Connection.php(435): Illuminate/Database/Connection->getPdoForSelect()
#9 D:/Spencer/Downloads/tara-admin/vendor/laravel/framework/src/Illuminate/Database/Connection.php(846): Illuminate/Database/Connection->{closure:Illuminate/Database/Connection::select():426}()
#10 D:/Spencer/Downloads/tara-admin/vendor/laravel/framework/src/Illuminate/Database/Connection.php(813): Illuminate/Database/Connection->runQueryCallback()
#11 D:/Spencer/Downloads/tara-admin/vendor/laravel/framework/src/Illuminate/Database/Connection.php(426): Illuminate/Database/Connection->run()
#12 D:/Spencer/Downloads/tara-admin/vendor/laravel/framework/src/Illuminate/Database/Query/Builder.php(3573): Illuminate/Database/Connection->select()
#13 D:/Spencer/Downloads/tara-admin/vendor/laravel/framework/src/Illuminate/Database/Query/Builder.php(3557): Illuminate/Database/Query/Builder->runSelect()
#14 D:/Spencer/Downloads/tara-admin/vendor/laravel/framework/src/Illuminate/Database/Eloquent/Builder.php(908): Illuminate/Database/Query/Builder->get()
#15 D:/Spencer/Downloads/tara-admin/vendor/laravel/framework/src/Illuminate/Database/Eloquent/Builder.php(890): Illuminate/Database/Eloquent/Builder->getModels()
#16 D:/Spencer/Downloads/tara-admin/vendor/laravel/framework/src/Illuminate/Database/Concerns/BuildsQueries.php(366): Illuminate/Database/Eloquent/Builder->get()
#17 D:/Spencer/Downloads/tara-admin/vendor/laravel/framework/src/Illuminate/Auth/EloquentUserProvider.php(138): Illuminate/Database/Eloquent/Builder->first()
#18 D:/Spencer/Downloads/tara-admin/vendor/laravel/framework/src/Illuminate/Auth/SessionGuard.php(424): Illuminate/Auth/EloquentUserProvider->retrieveByCredentials()
#19 D:/Spencer/Downloads/tara-admin/vendor/laravel/framework/src/Illuminate/Support/Timebox.php(34): Illuminate/Auth/SessionGuard->{closure:Illuminate/Auth/SessionGuard::attempt():421}()
#20 D:/Spencer/Downloads/tara-admin/vendor/laravel/framework/src/Illuminate/Auth/SessionGuard.php(421): Illuminate/Support/Timebox->call()
#21 D:/Spencer/Downloads/tara-admin/app/Http/Controllers/Admin/AuthController.php(24): Illuminate/Auth/SessionGuard->attempt()
#22 D:/Spencer/Downloads/tara-admin/vendor/laravel/framework/src/Illuminate/Routing/ControllerDispatcher.php(46): App/Http/Controllers/Admin/AuthController->login()
#23 D:/Spencer/Downloads/tara-admin/vendor/laravel/framework/src/Illuminate/Routing/Route.php(276): Illuminate/Routing/ControllerDispatcher->dispatch()
#24 D:/Spencer/Downloads/tara-admin/vendor/laravel/framework/src/Illuminate/Routing/Route.php(216): Illuminate/Routing/Route->runController()
#25 D:/Spencer/Downloads/tara-admin/vendor/laravel/framework/src/Illuminate/Routing/Router.php(822): Illuminate/Routing/Route->run()
#26 D:/Spencer/Downloads/tara-admin/vendor/laravel/framework/src/Illuminate/Pipeline/Pipeline.php(180): Illuminate/Routing/Router->{closure:Illuminate/Routing/Router::runRouteWithinStack():821}()
#27 D:/Spencer/Downloads/tara-admin/app/Http/Middleware/RedirectIfAdminAuthenticated.php(25): Illuminate/Pipeline/Pipeline->{closure:Illuminate/Pipeline/Pipeline::prepareDestination():178}()
#28 D:/Spencer/Downloads/tara-admin/vendor/laravel/framework/src/Illuminate/Pipeline/Pipeline.php(219): App/Http/Middleware/RedirectIfAdminAuthenticated->handle()
#29 D:/Spencer/Downloads/tara-admin/vendor/laravel/framework/src/Illuminate/Routing/Middleware/SubstituteBindings.php(52): Illuminate/Pipeline/Pipeline->{closure:{closure:Illuminate/Pipeline/Pipeline::carry():194}:195}()
#30 D:/Spencer/Downloads/tara-admin/vendor/laravel/framework/src/Illuminate/Pipeline/Pipeline.php(219): Illuminate/Routing/Middleware/SubstituteBindings->handle()
#31 D:/Spencer/Downloads/tara-admin/vendor/laravel/framework/src/Illuminate/Foundation/Http/Middleware/PreventRequestForgery.php(104): Illuminate/Pipeline/Pipeline->{closure:{closure:Illuminate/Pipeline/Pipeline::carry():194}:195}()
#32 D:/Spencer/Downloads/tara-admin/vendor/laravel/framework/src/Illuminate/Pipeline/Pipeline.php(219): Illuminate/Foundation/Http/Middleware/PreventRequestForgery->handle()
#33 D:/Spencer/Downloads/tara-admin/vendor/laravel/framework/src/Illuminate/View/Middleware/ShareErrorsFromSession.php(48): Illuminate/Pipeline/Pipeline->{closure:{closure:Illuminate/Pipeline/Pipeline::carry():194}:195}()
#34 D:/Spencer/Downloads/tara-admin/vendor/laravel/framework/src/Illuminate/Pipeline/Pipeline.php(219): Illuminate/View/Middleware/ShareErrorsFromSession->handle()
#35 D:/Spencer/Downloads/tara-admin/vendor/laravel/framework/src/Illuminate/Session/Middleware/StartSession.php(120): Illuminate/Pipeline/Pipeline->{closure:{closure:Illuminate/Pipeline/Pipeline::carry():194}:195}()
#36 D:/Spencer/Downloads/tara-admin/vendor/laravel/framework/src/Illuminate/Session/Middleware/StartSession.php(63): Illuminate/Session/Middleware/StartSession->handleStatefulRequest()
#37 D:/Spencer/Downloads/tara-admin/vendor/laravel/framework/src/Illuminate/Pipeline/Pipeline.php(219): Illuminate/Session/Middleware/StartSession->handle()
#38 D:/Spencer/Downloads/tara-admin/vendor/laravel/framework/src/Illuminate/Cookie/Middleware/AddQueuedCookiesToResponse.php(36): Illuminate/Pipeline/Pipeline->{closure:{closure:Illuminate/Pipeline/Pipeline::carry():194}:195}()
#39 D:/Spencer/Downloads/tara-admin/vendor/laravel/framework/src/Illuminate/Pipeline/Pipeline.php(219): Illuminate/Cookie/Middleware/AddQueuedCookiesToResponse->handle()
#40 D:/Spencer/Downloads/tara-admin/vendor/laravel/framework/src/Illuminate/Cookie/Middleware/EncryptCookies.php(74): Illuminate/Pipeline/Pipeline->{closure:{closure:Illuminate/Pipeline/Pipeline::carry():194}:195}()
#41 D:/Spencer/Downloads/tara-admin/vendor/laravel/framework/src/Illuminate/Pipeline/Pipeline.php(219): Illuminate/Cookie/Middleware/EncryptCookies->handle()
#42 D:/Spencer/Downloads/tara-admin/vendor/laravel/framework/src/Illuminate/Pipeline/Pipeline.php(137): Illuminate/Pipeline/Pipeline->{closure:{closure:Illuminate/Pipeline/Pipeline::carry():194}:195}()
#43 D:/Spencer/Downloads/tara-admin/vendor/laravel/framework/src/Illuminate/Routing/Router.php(821): Illuminate/Pipeline/Pipeline->then()
#44 D:/Spencer/Downloads/tara-admin/vendor/laravel/framework/src/Illuminate/Routing/Router.php(800): Illuminate/Routing/Router->runRouteWithinStack()
#45 D:/Spencer/Downloads/tara-admin/vendor/laravel/framework/src/Illuminate/Routing/Router.php(764): Illuminate/Routing/Router->runRoute()
#46 D:/Spencer/Downloads/tara-admin/vendor/laravel/framework/src/Illuminate/Routing/Router.php(753): Illuminate/Routing/Router->dispatchToRoute()
#47 D:/Spencer/Downloads/tara-admin/vendor/laravel/framework/src/Illuminate/Foundation/Http/Kernel.php(200): Illuminate/Routing/Router->dispatch()
#48 D:/Spencer/Downloads/tara-admin/vendor/laravel/framework/src/Illuminate/Pipeline/Pipeline.php(180): Illuminate/Foundation/Http/Kernel->{closure:Illuminate/Foundation/Http/Kernel::dispatchToRouter():197}()
#49 D:/Spencer/Downloads/tara-admin/vendor/laravel/framework/src/Illuminate/Foundation/Http/Middleware/TransformsRequest.php(21): Illuminate/Pipeline/Pipeline->{closure:Illuminate/Pipeline/Pipeline::prepareDestination():178}()
#50 D:/Spencer/Downloads/tara-admin/vendor/laravel/framework/src/Illuminate/Foundation/Http/Middleware/ConvertEmptyStringsToNull.php(31): Illuminate/Foundation/Http/Middleware/TransformsRequest->handle()
#51 D:/Spencer/Downloads/tara-admin/vendor/laravel/framework/src/Illuminate/Pipeline/Pipeline.php(219): Illuminate/Foundation/Http/Middleware/ConvertEmptyStringsToNull->handle()
#52 D:/Spencer/Downloads/tara-admin/vendor/laravel/framework/src/Illuminate/Foundation/Http/Middleware/TransformsRequest.php(21): Illuminate/Pipeline/Pipeline->{closure:{closure:Illuminate/Pipeline/Pipeline::carry():194}:195}()
#53 D:/Spencer/Downloads/tara-admin/vendor/laravel/framework/src/Illuminate/Foundation/Http/Middleware/TrimStrings.php(51): Illuminate/Foundation/Http/Middleware/TransformsRequest->handle()
#54 D:/Spencer/Downloads/tara-admin/vendor/laravel/framework/src/Illuminate/Pipeline/Pipeline.php(219): Illuminate/Foundation/Http/Middleware/TrimStrings->handle()
#55 D:/Spencer/Downloads/tara-admin/vendor/laravel/framework/src/Illuminate/Http/Middleware/ValidatePostSize.php(27): Illuminate/Pipeline/Pipeline->{closure:{closure:Illuminate/Pipeline/Pipeline::carry():194}:195}()
#56 D:/Spencer/Downloads/tara-admin/vendor/laravel/framework/src/Illuminate/Pipeline/Pipeline.php(219): Illuminate/Http/Middleware/ValidatePostSize->handle()
#57 D:/Spencer/Downloads/tara-admin/vendor/laravel/framework/src/Illuminate/Foundation/Http/Middleware/PreventRequestsDuringMaintenance.php(110): Illuminate/Pipeline/Pipeline->{closure:{closure:Illuminate/Pipeline/Pipeline::carry():194}:195}()
#58 D:/Spencer/Downloads/tara-admin/vendor/laravel/framework/src/Illuminate/Pipeline/Pipeline.php(219): Illuminate/Foundation/Http/Middleware/PreventRequestsDuringMaintenance->handle()
#59 D:/Spencer/Downloads/tara-admin/vendor/laravel/framework/src/Illuminate/Http/Middleware/HandleCors.php(61): Illuminate/Pipeline/Pipeline->{closure:{closure:Illuminate/Pipeline/Pipeline::carry():194}:195}()
#60 D:/Spencer/Downloads/tara-admin/vendor/laravel/framework/src/Illuminate/Pipeline/Pipeline.php(219): Illuminate/Http/Middleware/HandleCors->handle()
#61 D:/Spencer/Downloads/tara-admin/vendor/laravel/framework/src/Illuminate/Http/Middleware/TrustProxies.php(58): Illuminate/Pipeline/Pipeline->{closure:{closure:Illuminate/Pipeline/Pipeline::carry():194}:195}()
#62 D:/Spencer/Downloads/tara-admin/vendor/laravel/framework/src/Illuminate/Pipeline/Pipeline.php(219): Illuminate/Http/Middleware/TrustProxies->handle()
#63 D:/Spencer/Downloads/tara-admin/vendor/laravel/framework/src/Illuminate/Foundation/Http/Middleware/InvokeDeferredCallbacks.php(22): Illuminate/Pipeline/Pipeline->{closure:{closure:Illuminate/Pipeline/Pipeline::carry():194}:195}()
#64 D:/Spencer/Downloads/tara-admin/vendor/laravel/framework/src/Illuminate/Pipeline/Pipeline.php(219): Illuminate/Foundation/Http/Middleware/InvokeDeferredCallbacks->handle()
#65 D:/Spencer/Downloads/tara-admin/vendor/laravel/framework/src/Illuminate/Http/Middleware/ValidatePathEncoding.php(28): Illuminate/Pipeline/Pipeline->{closure:{closure:Illuminate/Pipeline/Pipeline::carry():194}:195}()
#66 D:/Spencer/Downloads/tara-admin/vendor/laravel/framework/src/Illuminate/Pipeline/Pipeline.php(219): Illuminate/Http/Middleware/ValidatePathEncoding->handle()
#67 D:/Spencer/Downloads/tara-admin/vendor/laravel/framework/src/Illuminate/Pipeline/Pipeline.php(137): Illuminate/Pipeline/Pipeline->{closure:{closure:Illuminate/Pipeline/Pipeline::carry():194}:195}()
#68 D:/Spencer/Downloads/tara-admin/vendor/laravel/framework/src/Illuminate/Foundation/Http/Kernel.php(175): Illuminate/Pipeline/Pipeline->then()
#69 D:/Spencer/Downloads/tara-admin/vendor/laravel/framework/src/Illuminate/Foundation/Http/Kernel.php(144): Illuminate/Foundation/Http/Kernel->sendRequestThroughRouter()
#70 D:/Spencer/Downloads/tara-admin/vendor/laravel/framework/src/Illuminate/Foundation/Application.php(1227): Illuminate/Foundation/Http/Kernel->handle()
#71 D:/Spencer/Downloads/tara-admin/public/index.php(20): Illuminate/Foundation/Application->handleRequest()
#72 D:/Spencer/Downloads/tara-admin/vendor/laravel/framework/src/Illuminate/Foundation/resources/server.php(23): require_once('...')
#73 {main}
"} 
[2026-09-11 07:50:57] local.ERROR: This password does not use the Bcrypt algorithm. {"exception":"[object] (RuntimeException(code: 0): This password does not use the Bcrypt algorithm. at D:/Spencer/Downloads/tara-admin/vendor/laravel/framework/src/Illuminate/Hashing/BcryptHasher.php:89)
[stacktrace]
#0 D:/Spencer/Downloads/tara-admin/vendor/laravel/framework/src/Illuminate/Hashing/HashManager.php(76): Illuminate/Hashing/BcryptHasher->check()
#1 D:/Spencer/Downloads/tara-admin/vendor/laravel/framework/src/Illuminate/Auth/EloquentUserProvider.php(158): Illuminate/Hashing/HashManager->check()
#2 D:/Spencer/Downloads/tara-admin/vendor/laravel/framework/src/Illuminate/Auth/SessionGuard.php(491): Illuminate/Auth/EloquentUserProvider->validateCredentials()
#3 D:/Spencer/Downloads/tara-admin/vendor/laravel/framework/src/Illuminate/Auth/SessionGuard.php(429): Illuminate/Auth/SessionGuard->hasValidCredentials()
#4 D:/Spencer/Downloads/tara-admin/vendor/laravel/framework/src/Illuminate/Support/Timebox.php(34): Illuminate/Auth/SessionGuard->{closure:Illuminate/Auth/SessionGuard::attempt():421}()
#5 D:/Spencer/Downloads/tara-admin/vendor/laravel/framework/src/Illuminate/Auth/SessionGuard.php(421): Illuminate/Support/Timebox->call()
#6 D:/Spencer/Downloads/tara-admin/app/Http/Controllers/Admin/AuthController.php(24): Illuminate/Auth/SessionGuard->attempt()
#7 D:/Spencer/Downloads/tara-admin/vendor/laravel/framework/src/Illuminate/Routing/ControllerDispatcher.php(46): App/Http/Controllers/Admin/AuthController->login()
#8 D:/Spencer/Downloads/tara-admin/vendor/laravel/framework/src/Illuminate/Routing/Route.php(276): Illuminate/Routing/ControllerDispatcher->dispatch()
#9 D:/Spencer/Downloads/tara-admin/vendor/laravel/framework/src/Illuminate/Routing/Route.php(216): Illuminate/Routing/Route->runController()
#10 D:/Spencer/Downloads/tara-admin/vendor/laravel/framework/src/Illuminate/Routing/Router.php(822): Illuminate/Routing/Route->run()
#11 D:/Spencer/Downloads/tara-admin/vendor/laravel/framework/src/Illuminate/Pipeline/Pipeline.php(180): Illuminate/Routing/Router->{closure:Illuminate/Routing/Router::runRouteWithinStack():821}()
#12 D:/Spencer/Downloads/tara-admin/app/Http/Middleware/RedirectIfAdminAuthenticated.php(25): Illuminate/Pipeline/Pipeline->{closure:Illuminate/Pipeline/Pipeline::prepareDestination():178}()
#13 D:/Spencer/Downloads/tara-admin/vendor/laravel/framework/src/Illuminate/Pipeline/Pipeline.php(219): App/Http/Middleware/RedirectIfAdminAuthenticated->handle()
#14 D:/Spencer/Downloads/tara-admin/vendor/laravel/framework/src/Illuminate/Routing/Middleware/SubstituteBindings.php(52): Illuminate/Pipeline/Pipeline->{closure:{closure:Illuminate/Pipeline/Pipeline::carry():194}:195}()
#15 D:/Spencer/Downloads/tara-admin/vendor/laravel/framework/src/Illuminate/Pipeline/Pipeline.php(219): Illuminate/Routing/Middleware/SubstituteBindings->handle()
#16 D:/Spencer/Downloads/tara-admin/vendor/laravel/framework/src/Illuminate/Foundation/Http/Middleware/PreventRequestForgery.php(104): Illuminate/Pipeline/Pipeline->{closure:{closure:Illuminate/Pipeline/Pipeline::carry():194}:195}()
#17 D:/Spencer/Downloads/tara-admin/vendor/laravel/framework/src/Illuminate/Pipeline/Pipeline.php(219): Illuminate/Foundation/Http/Middleware/PreventRequestForgery->handle()
#18 D:/Spencer/Downloads/tara-admin/vendor/laravel/framework/src/Illuminate/View/Middleware/ShareErrorsFromSession.php(48): Illuminate/Pipeline/Pipeline->{closure:{closure:Illuminate/Pipeline/Pipeline::carry():194}:195}()
#19 D:/Spencer/Downloads/tara-admin/vendor/laravel/framework/src/Illuminate/Pipeline/Pipeline.php(219): Illuminate/View/Middleware/ShareErrorsFromSession->handle()
#20 D:/Spencer/Downloads/tara-admin/vendor/laravel/framework/src/Illuminate/Session/Middleware/StartSession.php(120): Illuminate/Pipeline/Pipeline->{closure:{closure:Illuminate/Pipeline/Pipeline::carry():194}:195}()
#21 D:/Spencer/Downloads/tara-admin/vendor/laravel/framework/src/Illuminate/Session/Middleware/StartSession.php(63): Illuminate/Session/Middleware/StartSession->handleStatefulRequest()
#22 D:/Spencer/Downloads/tara-admin/vendor/laravel/framework/src/Illuminate/Pipeline/Pipeline.php(219): Illuminate/Session/Middleware/StartSession->handle()
#23 D:/Spencer/Downloads/tara-admin/vendor/laravel/framework/src/Illuminate/Cookie/Middleware/AddQueuedCookiesToResponse.php(36): Illuminate/Pipeline/Pipeline->{closure:{closure:Illuminate/Pipeline/Pipeline::carry():194}:195}()
#24 D:/Spencer/Downloads/tara-admin/vendor/laravel/framework/src/Illuminate/Pipeline/Pipeline.php(219): Illuminate/Cookie/Middleware/AddQueuedCookiesToResponse->handle()
#25 D:/Spencer/Downloads/tara-admin/vendor/laravel/framework/src/Illuminate/Cookie/Middleware/EncryptCookies.php(74): Illuminate/Pipeline/Pipeline->{closure:{closure:Illuminate/Pipeline/Pipeline::carry():194}:195}()
#26 D:/Spencer/Downloads/tara-admin/vendor/laravel/framework/src/Illuminate/Pipeline/Pipeline.php(219): Illuminate/Cookie/Middleware/EncryptCookies->handle()
#27 D:/Spencer/Downloads/tara-admin/vendor/laravel/framework/src/Illuminate/Pipeline/Pipeline.php(137): Illuminate/Pipeline/Pipeline->{closure:{closure:Illuminate/Pipeline/Pipeline::carry():194}:195}()
#28 D:/Spencer/Downloads/tara-admin/vendor/laravel/framework/src/Illuminate/Routing/Router.php(821): Illuminate/Pipeline/Pipeline->then()
#29 D:/Spencer/Downloads/tara-admin/vendor/laravel/framework/src/Illuminate/Routing/Router.php(800): Illuminate/Routing/Router->runRouteWithinStack()
#30 D:/Spencer/Downloads/tara-admin/vendor/laravel/framework/src/Illuminate/Routing/Router.php(764): Illuminate/Routing/Router->runRoute()
#31 D:/Spencer/Downloads/tara-admin/vendor/laravel/framework/src/Illuminate/Routing/Router.php(753): Illuminate/Routing/Router->dispatchToRoute()
#32 D:/Spencer/Downloads/tara-admin/vendor/laravel/framework/src/Illuminate/Foundation/Http/Kernel.php(200): Illuminate/Routing/Router->dispatch()
#33 D:/Spencer/Downloads/tara-admin/vendor/laravel/framework/src/Illuminate/Pipeline/Pipeline.php(180): Illuminate/Foundation/Http/Kernel->{closure:Illuminate/Foundation/Http/Kernel::dispatchToRouter():197}()
#34 D:/Spencer/Downloads/tara-admin/vendor/laravel/framework/src/Illuminate/Foundation/Http/Middleware/TransformsRequest.php(21): Illuminate/Pipeline/Pipeline->{closure:Illuminate/Pipeline/Pipeline::prepareDestination():178}()
#35 D:/Spencer/Downloads/tara-admin/vendor/laravel/framework/src/Illuminate/Foundation/Http/Middleware/ConvertEmptyStringsToNull.php(31): Illuminate/Foundation/Http/Middleware/TransformsRequest->handle()
#36 D:/Spencer/Downloads/tara-admin/vendor/laravel/framework/src/Illuminate/Pipeline/Pipeline.php(219): Illuminate/Foundation/Http/Middleware/ConvertEmptyStringsToNull->handle()
#37 D:/Spencer/Downloads/tara-admin/vendor/laravel/framework/src/Illuminate/Foundation/Http/Middleware/TransformsRequest.php(21): Illuminate/Pipeline/Pipeline->{closure:{closure:Illuminate/Pipeline/Pipeline::carry():194}:195}()
#38 D:/Spencer/Downloads/tara-admin/vendor/laravel/framework/src/Illuminate/Foundation/Http/Middleware/TrimStrings.php(51): Illuminate/Foundation/Http/Middleware/TransformsRequest->handle()
#39 D:/Spencer/Downloads/tara-admin/vendor/laravel/framework/src/Illuminate/Pipeline/Pipeline.php(219): Illuminate/Foundation/Http/Middleware/TrimStrings->handle()
#40 D:/Spencer/Downloads/tara-admin/vendor/laravel/framework/src/Illuminate/Http/Middleware/ValidatePostSize.php(27): Illuminate/Pipeline/Pipeline->{closure:{closure:Illuminate/Pipeline/Pipeline::carry():194}:195}()
#41 D:/Spencer/Downloads/tara-admin/vendor/laravel/framework/src/Illuminate/Pipeline/Pipeline.php(219): Illuminate/Http/Middleware/ValidatePostSize->handle()
#42 D:/Spencer/Downloads/tara-admin/vendor/laravel/framework/src/Illuminate/Foundation/Http/Middleware/PreventRequestsDuringMaintenance.php(110): Illuminate/Pipeline/Pipeline->{closure:{closure:Illuminate/Pipeline/Pipeline::carry():194}:195}()
#43 D:/Spencer/Downloads/tara-admin/vendor/laravel/framework/src/Illuminate/Pipeline/Pipeline.php(219): Illuminate/Foundation/Http/Middleware/PreventRequestsDuringMaintenance->handle()
#44 D:/Spencer/Downloads/tara-admin/vendor/laravel/framework/src/Illuminate/Http/Middleware/HandleCors.php(61): Illuminate/Pipeline/Pipeline->{closure:{closure:Illuminate/Pipeline/Pipeline::carry():194}:195}()
#45 D:/Spencer/Downloads/tara-admin/vendor/laravel/framework/src/Illuminate/Pipeline/Pipeline.php(219): Illuminate/Http/Middleware/HandleCors->handle()
#46 D:/Spencer/Downloads/tara-admin/vendor/laravel/framework/src/Illuminate/Http/Middleware/TrustProxies.php(58): Illuminate/Pipeline/Pipeline->{closure:{closure:Illuminate/Pipeline/Pipeline::carry():194}:195}()
#47 D:/Spencer/Downloads/tara-admin/vendor/laravel/framework/src/Illuminate/Pipeline/Pipeline.php(219): Illuminate/Http/Middleware/TrustProxies->handle()
#48 D:/Spencer/Downloads/tara-admin/vendor/laravel/framework/src/Illuminate/Foundation/Http/Middleware/InvokeDeferredCallbacks.php(22): Illuminate/Pipeline/Pipeline->{closure:{closure:Illuminate/Pipeline/Pipeline::carry():194}:195}()
#49 D:/Spencer/Downloads/tara-admin/vendor/laravel/framework/src/Illuminate/Pipeline/Pipeline.php(219): Illuminate/Foundation/Http/Middleware/InvokeDeferredCallbacks->handle()
#50 D:/Spencer/Downloads/tara-admin/vendor/laravel/framework/src/Illuminate/Http/Middleware/ValidatePathEncoding.php(28): Illuminate/Pipeline/Pipeline->{closure:{closure:Illuminate/Pipeline/Pipeline::carry():194}:195}()
#51 D:/Spencer/Downloads/tara-admin/vendor/laravel/framework/src/Illuminate/Pipeline/Pipeline.php(219): Illuminate/Http/Middleware/ValidatePathEncoding->handle()
#52 D:/Spencer/Downloads/tara-admin/vendor/laravel/framework/src/Illuminate/Pipeline/Pipeline.php(137): Illuminate/Pipeline/Pipeline->{closure:{closure:Illuminate/Pipeline/Pipeline::carry():194}:195}()
#53 D:/Spencer/Downloads/tara-admin/vendor/laravel/framework/src/Illuminate/Foundation/Http/Kernel.php(175): Illuminate/Pipeline/Pipeline->then()
#54 D:/Spencer/Downloads/tara-admin/vendor/laravel/framework/src/Illuminate/Foundation/Http/Kernel.php(144): Illuminate/Foundation/Http/Kernel->sendRequestThroughRouter()
#55 D:/Spencer/Downloads/tara-admin/vendor/laravel/framework/src/Illuminate/Foundation/Application.php(1227): Illuminate/Foundation/Http/Kernel->handle()
#56 D:/Spencer/Downloads/tara-admin/public/index.php(20): Illuminate/Foundation/Application->handleRequest()
#57 D:/Spencer/Downloads/tara-admin/vendor/laravel/framework/src/Illuminate/Foundation/resources/server.php(23): require_once('...')
#58 {main}
"} 
[2026-09-11 07:51:30] local.ERROR: SQLSTATE[42P01]: Undefined table: 7 ERROR:  relation "destinations" does not exist
LINE 1: select count(*) as "aggregate" from "destinations"
                                            ^ (Connection: pgsql, Host: db.knhbkelbapqrnqaozwgb.supabase.co, Port: 5432, Database: postgres, SQL: select count(*) as "aggregate" from "destinations") {"userId":"ce348685-3e11-495d-afa1-1cf2da50182d","exception":"[object] (Illuminate\\Database\\QueryException(code: 42P01): SQLSTATE[42P01]: Undefined table: 7 ERROR:  relation \"destinations\" does not exist
LINE 1: select count(*) as \"aggregate\" from \"destinations\"
                                            ^ (Connection: pgsql, Host: db.knhbkelbapqrnqaozwgb.supabase.co, Port: 5432, Database: postgres, SQL: select count(*) as \"aggregate\" from \"destinations\") at D:/Spencer/Downloads/tara-admin/vendor/laravel/framework/src/Illuminate/Database/Connection.php:857)
[stacktrace]
#0 D:/Spencer/Downloads/tara-admin/vendor/laravel/framework/src/Illuminate/Database/Connection.php(813): Illuminate/Database/Connection->runQueryCallback()
#1 D:/Spencer/Downloads/tara-admin/vendor/laravel/framework/src/Illuminate/Database/Connection.php(426): Illuminate/Database/Connection->run()
#2 D:/Spencer/Downloads/tara-admin/vendor/laravel/framework/src/Illuminate/Database/Query/Builder.php(3573): Illuminate/Database/Connection->select()
#3 D:/Spencer/Downloads/tara-admin/vendor/laravel/framework/src/Illuminate/Database/Query/Builder.php(3557): Illuminate/Database/Query/Builder->runSelect()
#4 D:/Spencer/Downloads/tara-admin/vendor/laravel/framework/src/Illuminate/Database/Query/Builder.php(4073): Illuminate/Database/Query/Builder->get()
#5 D:/Spencer/Downloads/tara-admin/vendor/laravel/framework/src/Illuminate/Database/Query/Builder.php(4001): Illuminate/Database/Query/Builder->aggregate()
#6 D:/Spencer/Downloads/tara-admin/vendor/laravel/framework/src/Illuminate/Database/Eloquent/Builder.php(2281): Illuminate/Database/Query/Builder->count()
#7 D:/Spencer/Downloads/tara-admin/vendor/laravel/framework/src/Illuminate/Support/Traits/ForwardsCalls.php(23): Illuminate/Database/Eloquent/Builder->__call()
#8 D:/Spencer/Downloads/tara-admin/vendor/laravel/framework/src/Illuminate/Database/Eloquent/Model.php(2844): Illuminate/Database/Eloquent/Model->forwardCallTo()
#9 D:/Spencer/Downloads/tara-admin/vendor/laravel/framework/src/Illuminate/Database/Eloquent/Model.php(2860): Illuminate/Database/Eloquent/Model->__call()
#10 D:/Spencer/Downloads/tara-admin/app/Http/Controllers/Admin/DashboardController.php(25): Illuminate/Database/Eloquent/Model::__callStatic()
#11 D:/Spencer/Downloads/tara-admin/vendor/laravel/framework/src/Illuminate/Routing/ControllerDispatcher.php(46): App/Http/Controllers/Admin/DashboardController->index()
#12 D:/Spencer/Downloads/tara-admin/vendor/laravel/framework/src/Illuminate/Routing/Route.php(276): Illuminate/Routing/ControllerDispatcher->dispatch()
#13 D:/Spencer/Downloads/tara-admin/vendor/laravel/framework/src/Illuminate/Routing/Route.php(216): Illuminate/Routing/Route->runController()
#14 D:/Spencer/Downloads/tara-admin/vendor/laravel/framework/src/Illuminate/Routing/Router.php(822): Illuminate/Routing/Route->run()
#15 D:/Spencer/Downloads/tara-admin/vendor/laravel/framework/src/Illuminate/Pipeline/Pipeline.php(180): Illuminate/Routing/Router->{closure:Illuminate/Routing/Router::runRouteWithinStack():821}()
#16 D:/Spencer/Downloads/tara-admin/app/Http/Middleware/EnsureAdminIsAuthenticated.php(23): Illuminate/Pipeline/Pipeline->{closure:Illuminate/Pipeline/Pipeline::prepareDestination():178}()
#17 D:/Spencer/Downloads/tara-admin/vendor/laravel/framework/src/Illuminate/Pipeline/Pipeline.php(219): App/Http/Middleware/EnsureAdminIsAuthenticated->handle()
#18 D:/Spencer/Downloads/tara-admin/vendor/laravel/framework/src/Illuminate/Routing/Middleware/SubstituteBindings.php(52): Illuminate/Pipeline/Pipeline->{closure:{closure:Illuminate/Pipeline/Pipeline::carry():194}:195}()
#19 D:/Spencer/Downloads/tara-admin/vendor/laravel/framework/src/Illuminate/Pipeline/Pipeline.php(219): Illuminate/Routing/Middleware/SubstituteBindings->handle()
#20 D:/Spencer/Downloads/tara-admin/vendor/laravel/framework/src/Illuminate/Foundation/Http/Middleware/PreventRequestForgery.php(104): Illuminate/Pipeline/Pipeline->{closure:{closure:Illuminate/Pipeline/Pipeline::carry():194}:195}()
#21 D:/Spencer/Downloads/tara-admin/vendor/laravel/framework/src/Illuminate/Pipeline/Pipeline.php(219): Illuminate/Foundation/Http/Middleware/PreventRequestForgery->handle()
#22 D:/Spencer/Downloads/tara-admin/vendor/laravel/framework/src/Illuminate/View/Middleware/ShareErrorsFromSession.php(48): Illuminate/Pipeline/Pipeline->{closure:{closure:Illuminate/Pipeline/Pipeline::carry():194}:195}()
#23 D:/Spencer/Downloads/tara-admin/vendor/laravel/framework/src/Illuminate/Pipeline/Pipeline.php(219): Illuminate/View/Middleware/ShareErrorsFromSession->handle()
#24 D:/Spencer/Downloads/tara-admin/vendor/laravel/framework/src/Illuminate/Session/Middleware/StartSession.php(120): Illuminate/Pipeline/Pipeline->{closure:{closure:Illuminate/Pipeline/Pipeline::carry():194}:195}()
#25 D:/Spencer/Downloads/tara-admin/vendor/laravel/framework/src/Illuminate/Session/Middleware/StartSession.php(63): Illuminate/Session/Middleware/StartSession->handleStatefulRequest()
#26 D:/Spencer/Downloads/tara-admin/vendor/laravel/framework/src/Illuminate/Pipeline/Pipeline.php(219): Illuminate/Session/Middleware/StartSession->handle()
#27 D:/Spencer/Downloads/tara-admin/vendor/laravel/framework/src/Illuminate/Cookie/Middleware/AddQueuedCookiesToResponse.php(36): Illuminate/Pipeline/Pipeline->{closure:{closure:Illuminate/Pipeline/Pipeline::carry():194}:195}()
#28 D:/Spencer/Downloads/tara-admin/vendor/laravel/framework/src/Illuminate/Pipeline/Pipeline.php(219): Illuminate/Cookie/Middleware/AddQueuedCookiesToResponse->handle()
#29 D:/Spencer/Downloads/tara-admin/vendor/laravel/framework/src/Illuminate/Cookie/Middleware/EncryptCookies.php(74): Illuminate/Pipeline/Pipeline->{closure:{closure:Illuminate/Pipeline/Pipeline::carry():194}:195}()
#30 D:/Spencer/Downloads/tara-admin/vendor/laravel/framework/src/Illuminate/Pipeline/Pipeline.php(219): Illuminate/Cookie/Middleware/EncryptCookies->handle()
#31 D:/Spencer/Downloads/tara-admin/vendor/laravel/framework/src/Illuminate/Pipeline/Pipeline.php(137): Illuminate/Pipeline/Pipeline->{closure:{closure:Illuminate/Pipeline/Pipeline::carry():194}:195}()
#32 D:/Spencer/Downloads/tara-admin/vendor/laravel/framework/src/Illuminate/Routing/Router.php(821): Illuminate/Pipeline/Pipeline->then()
#33 D:/Spencer/Downloads/tara-admin/vendor/laravel/framework/src/Illuminate/Routing/Router.php(800): Illuminate/Routing/Router->runRouteWithinStack()
#34 D:/Spencer/Downloads/tara-admin/vendor/laravel/framework/src/Illuminate/Routing/Router.php(764): Illuminate/Routing/Router->runRoute()
#35 D:/Spencer/Downloads/tara-admin/vendor/laravel/framework/src/Illuminate/Routing/Router.php(753): Illuminate/Routing/Router->dispatchToRoute()
#36 D:/Spencer/Downloads/tara-admin/vendor/laravel/framework/src/Illuminate/Foundation/Http/Kernel.php(200): Illuminate/Routing/Router->dispatch()
#37 D:/Spencer/Downloads/tara-admin/vendor/laravel/framework/src/Illuminate/Pipeline/Pipeline.php(180): Illuminate/Foundation/Http/Kernel->{closure:Illuminate/Foundation/Http/Kernel::dispatchToRouter():197}()
#38 D:/Spencer/Downloads/tara-admin/vendor/laravel/framework/src/Illuminate/Foundation/Http/Middleware/TransformsRequest.php(21): Illuminate/Pipeline/Pipeline->{closure:Illuminate/Pipeline/Pipeline::prepareDestination():178}()
#39 D:/Spencer/Downloads/tara-admin/vendor/laravel/framework/src/Illuminate/Foundation/Http/Middleware/ConvertEmptyStringsToNull.php(31): Illuminate/Foundation/Http/Middleware/TransformsRequest->handle()
#40 D:/Spencer/Downloads/tara-admin/vendor/laravel/framework/src/Illuminate/Pipeline/Pipeline.php(219): Illuminate/Foundation/Http/Middleware/ConvertEmptyStringsToNull->handle()
#41 D:/Spencer/Downloads/tara-admin/vendor/laravel/framework/src/Illuminate/Foundation/Http/Middleware/TransformsRequest.php(21): Illuminate/Pipeline/Pipeline->{closure:{closure:Illuminate/Pipeline/Pipeline::carry():194}:195}()
#42 D:/Spencer/Downloads/tara-admin/vendor/laravel/framework/src/Illuminate/Foundation/Http/Middleware/TrimStrings.php(51): Illuminate/Foundation/Http/Middleware/TransformsRequest->handle()
#43 D:/Spencer/Downloads/tara-admin/vendor/laravel/framework/src/Illuminate/Pipeline/Pipeline.php(219): Illuminate/Foundation/Http/Middleware/TrimStrings->handle()
#44 D:/Spencer/Downloads/tara-admin/vendor/laravel/framework/src/Illuminate/Http/Middleware/ValidatePostSize.php(27): Illuminate/Pipeline/Pipeline->{closure:{closure:Illuminate/Pipeline/Pipeline::carry():194}:195}()
#45 D:/Spencer/Downloads/tara-admin/vendor/laravel/framework/src/Illuminate/Pipeline/Pipeline.php(219): Illuminate/Http/Middleware/ValidatePostSize->handle()
#46 D:/Spencer/Downloads/tara-admin/vendor/laravel/framework/src/Illuminate/Foundation/Http/Middleware/PreventRequestsDuringMaintenance.php(110): Illuminate/Pipeline/Pipeline->{closure:{closure:Illuminate/Pipeline/Pipeline::carry():194}:195}()
#47 D:/Spencer/Downloads/tara-admin/vendor/laravel/framework/src/Illuminate/Pipeline/Pipeline.php(219): Illuminate/Foundation/Http/Middleware/PreventRequestsDuringMaintenance->handle()
#48 D:/Spencer/Downloads/tara-admin/vendor/laravel/framework/src/Illuminate/Http/Middleware/HandleCors.php(61): Illuminate/Pipeline/Pipeline->{closure:{closure:Illuminate/Pipeline/Pipeline::carry():194}:195}()
#49 D:/Spencer/Downloads/tara-admin/vendor/laravel/framework/src/Illuminate/Pipeline/Pipeline.php(219): Illuminate/Http/Middleware/HandleCors->handle()
#50 D:/Spencer/Downloads/tara-admin/vendor/laravel/framework/src/Illuminate/Http/Middleware/TrustProxies.php(58): Illuminate/Pipeline/Pipeline->{closure:{closure:Illuminate/Pipeline/Pipeline::carry():194}:195}()
#51 D:/Spencer/Downloads/tara-admin/vendor/laravel/framework/src/Illuminate/Pipeline/Pipeline.php(219): Illuminate/Http/Middleware/TrustProxies->handle()
#52 D:/Spencer/Downloads/tara-admin/vendor/laravel/framework/src/Illuminate/Foundation/Http/Middleware/InvokeDeferredCallbacks.php(22): Illuminate/Pipeline/Pipeline->{closure:{closure:Illuminate/Pipeline/Pipeline::carry():194}:195}()
#53 D:/Spencer/Downloads/tara-admin/vendor/laravel/framework/src/Illuminate/Pipeline/Pipeline.php(219): Illuminate/Foundation/Http/Middleware/InvokeDeferredCallbacks->handle()
#54 D:/Spencer/Downloads/tara-admin/vendor/laravel/framework/src/Illuminate/Http/Middleware/ValidatePathEncoding.php(28): Illuminate/Pipeline/Pipeline->{closure:{closure:Illuminate/Pipeline/Pipeline::carry():194}:195}()
#55 D:/Spencer/Downloads/tara-admin/vendor/laravel/framework/src/Illuminate/Pipeline/Pipeline.php(219): Illuminate/Http/Middleware/ValidatePathEncoding->handle()
#56 D:/Spencer/Downloads/tara-admin/vendor/laravel/framework/src/Illuminate/Pipeline/Pipeline.php(137): Illuminate/Pipeline/Pipeline->{closure:{closure:Illuminate/Pipeline/Pipeline::carry():194}:195}()
#57 D:/Spencer/Downloads/tara-admin/vendor/laravel/framework/src/Illuminate/Foundation/Http/Kernel.php(175): Illuminate/Pipeline/Pipeline->then()
#58 D:/Spencer/Downloads/tara-admin/vendor/laravel/framework/src/Illuminate/Foundation/Http/Kernel.php(144): Illuminate/Foundation/Http/Kernel->sendRequestThroughRouter()
#59 D:/Spencer/Downloads/tara-admin/vendor/laravel/framework/src/Illuminate/Foundation/Application.php(1227): Illuminate/Foundation/Http/Kernel->handle()
#60 D:/Spencer/Downloads/tara-admin/public/index.php(20): Illuminate/Foundation/Application->handleRequest()
#61 D:/Spencer/Downloads/tara-admin/vendor/laravel/framework/src/Illuminate/Foundation/resources/server.php(23): require_once('...')
#62 {main}

[previous exception] [object] (PDOException(code: 42P01): SQLSTATE[42P01]: Undefined table: 7 ERROR:  relation \"destinations\" does not exist
LINE 1: select count(*) as \"aggregate\" from \"destinations\"
                                            ^ at D:/Spencer/Downloads/tara-admin/vendor/laravel/framework/src/Illuminate/Database/Connection.php:440)
[stacktrace]
#0 D:/Spencer/Downloads/tara-admin/vendor/laravel/framework/src/Illuminate/Database/Connection.php(440): PDOStatement->execute()
#1 D:/Spencer/Downloads/tara-admin/vendor/laravel/framework/src/Illuminate/Database/Connection.php(846): Illuminate/Database/Connection->{closure:Illuminate/Database/Connection::select():426}()
#2 D:/Spencer/Downloads/tara-admin/vendor/laravel/framework/src/Illuminate/Database/Connection.php(813): Illuminate/Database/Connection->runQueryCallback()
#3 D:/Spencer/Downloads/tara-admin/vendor/laravel/framework/src/Illuminate/Database/Connection.php(426): Illuminate/Database/Connection->run()
#4 D:/Spencer/Downloads/tara-admin/vendor/laravel/framework/src/Illuminate/Database/Query/Builder.php(3573): Illuminate/Database/Connection->select()
#5 D:/Spencer/Downloads/tara-admin/vendor/laravel/framework/src/Illuminate/Database/Query/Builder.php(3557): Illuminate/Database/Query/Builder->runSelect()
#6 D:/Spencer/Downloads/tara-admin/vendor/laravel/framework/src/Illuminate/Database/Query/Builder.php(4073): Illuminate/Database/Query/Builder->get()
#7 D:/Spencer/Downloads/tara-admin/vendor/laravel/framework/src/Illuminate/Database/Query/Builder.php(4001): Illuminate/Database/Query/Builder->aggregate()
#8 D:/Spencer/Downloads/tara-admin/vendor/laravel/framework/src/Illuminate/Database/Eloquent/Builder.php(2281): Illuminate/Database/Query/Builder->count()
#9 D:/Spencer/Downloads/tara-admin/vendor/laravel/framework/src/Illuminate/Support/Traits/ForwardsCalls.php(23): Illuminate/Database/Eloquent/Builder->__call()
#10 D:/Spencer/Downloads/tara-admin/vendor/laravel/framework/src/Illuminate/Database/Eloquent/Model.php(2844): Illuminate/Database/Eloquent/Model->forwardCallTo()
#11 D:/Spencer/Downloads/tara-admin/vendor/laravel/framework/src/Illuminate/Database/Eloquent/Model.php(2860): Illuminate/Database/Eloquent/Model->__call()
#12 D:/Spencer/Downloads/tara-admin/app/Http/Controllers/Admin/DashboardController.php(25): Illuminate/Database/Eloquent/Model::__callStatic()
#13 D:/Spencer/Downloads/tara-admin/vendor/laravel/framework/src/Illuminate/Routing/ControllerDispatcher.php(46): App/Http/Controllers/Admin/DashboardController->index()
#14 D:/Spencer/Downloads/tara-admin/vendor/laravel/framework/src/Illuminate/Routing/Route.php(276): Illuminate/Routing/ControllerDispatcher->dispatch()
#15 D:/Spencer/Downloads/tara-admin/vendor/laravel/framework/src/Illuminate/Routing/Route.php(216): Illuminate/Routing/Route->runController()
#16 D:/Spencer/Downloads/tara-admin/vendor/laravel/framework/src/Illuminate/Routing/Router.php(822): Illuminate/Routing/Route->run()
#17 D:/Spencer/Downloads/tara-admin/vendor/laravel/framework/src/Illuminate/Pipeline/Pipeline.php(180): Illuminate/Routing/Router->{closure:Illuminate/Routing/Router::runRouteWithinStack():821}()
#18 D:/Spencer/Downloads/tara-admin/app/Http/Middleware/EnsureAdminIsAuthenticated.php(23): Illuminate/Pipeline/Pipeline->{closure:Illuminate/Pipeline/Pipeline::prepareDestination():178}()
#19 D:/Spencer/Downloads/tara-admin/vendor/laravel/framework/src/Illuminate/Pipeline/Pipeline.php(219): App/Http/Middleware/EnsureAdminIsAuthenticated->handle()
#20 D:/Spencer/Downloads/tara-admin/vendor/laravel/framework/src/Illuminate/Routing/Middleware/SubstituteBindings.php(52): Illuminate/Pipeline/Pipeline->{closure:{closure:Illuminate/Pipeline/Pipeline::carry():194}:195}()
#21 D:/Spencer/Downloads/tara-admin/vendor/laravel/framework/src/Illuminate/Pipeline/Pipeline.php(219): Illuminate/Routing/Middleware/SubstituteBindings->handle()
#22 D:/Spencer/Downloads/tara-admin/vendor/laravel/framework/src/Illuminate/Foundation/Http/Middleware/PreventRequestForgery.php(104): Illuminate/Pipeline/Pipeline->{closure:{closure:Illuminate/Pipeline/Pipeline::carry():194}:195}()
#23 D:/Spencer/Downloads/tara-admin/vendor/laravel/framework/src/Illuminate/Pipeline/Pipeline.php(219): Illuminate/Foundation/Http/Middleware/PreventRequestForgery->handle()
#24 D:/Spencer/Downloads/tara-admin/vendor/laravel/framework/src/Illuminate/View/Middleware/ShareErrorsFromSession.php(48): Illuminate/Pipeline/Pipeline->{closure:{closure:Illuminate/Pipeline/Pipeline::carry():194}:195}()
#25 D:/Spencer/Downloads/tara-admin/vendor/laravel/framework/src/Illuminate/Pipeline/Pipeline.php(219): Illuminate/View/Middleware/ShareErrorsFromSession->handle()
#26 D:/Spencer/Downloads/tara-admin/vendor/laravel/framework/src/Illuminate/Session/Middleware/StartSession.php(120): Illuminate/Pipeline/Pipeline->{closure:{closure:Illuminate/Pipeline/Pipeline::carry():194}:195}()
#27 D:/Spencer/Downloads/tara-admin/vendor/laravel/framework/src/Illuminate/Session/Middleware/StartSession.php(63): Illuminate/Session/Middleware/StartSession->handleStatefulRequest()
#28 D:/Spencer/Downloads/tara-admin/vendor/laravel/framework/src/Illuminate/Pipeline/Pipeline.php(219): Illuminate/Session/Middleware/StartSession->handle()
#29 D:/Spencer/Downloads/tara-admin/vendor/laravel/framework/src/Illuminate/Cookie/Middleware/AddQueuedCookiesToResponse.php(36): Illuminate/Pipeline/Pipeline->{closure:{closure:Illuminate/Pipeline/Pipeline::carry():194}:195}()
#30 D:/Spencer/Downloads/tara-admin/vendor/laravel/framework/src/Illuminate/Pipeline/Pipeline.php(219): Illuminate/Cookie/Middleware/AddQueuedCookiesToResponse->handle()
#31 D:/Spencer/Downloads/tara-admin/vendor/laravel/framework/src/Illuminate/Cookie/Middleware/EncryptCookies.php(74): Illuminate/Pipeline/Pipeline->{closure:{closure:Illuminate/Pipeline/Pipeline::carry():194}:195}()
#32 D:/Spencer/Downloads/tara-admin/vendor/laravel/framework/src/Illuminate/Pipeline/Pipeline.php(219): Illuminate/Cookie/Middleware/EncryptCookies->handle()
#33 D:/Spencer/Downloads/tara-admin/vendor/laravel/framework/src/Illuminate/Pipeline/Pipeline.php(137): Illuminate/Pipeline/Pipeline->{closure:{closure:Illuminate/Pipeline/Pipeline::carry():194}:195}()
#34 D:/Spencer/Downloads/tara-admin/vendor/laravel/framework/src/Illuminate/Routing/Router.php(821): Illuminate/Pipeline/Pipeline->then()
#35 D:/Spencer/Downloads/tara-admin/vendor/laravel/framework/src/Illuminate/Routing/Router.php(800): Illuminate/Routing/Router->runRouteWithinStack()
#36 D:/Spencer/Downloads/tara-admin/vendor/laravel/framework/src/Illuminate/Routing/Router.php(764): Illuminate/Routing/Router->runRoute()
#37 D:/Spencer/Downloads/tara-admin/vendor/laravel/framework/src/Illuminate/Routing/Router.php(753): Illuminate/Routing/Router->dispatchToRoute()
#38 D:/Spencer/Downloads/tara-admin/vendor/laravel/framework/src/Illuminate/Foundation/Http/Kernel.php(200): Illuminate/Routing/Router->dispatch()
#39 D:/Spencer/Downloads/tara-admin/vendor/laravel/framework/src/Illuminate/Pipeline/Pipeline.php(180): Illuminate/Foundation/Http/Kernel->{closure:Illuminate/Foundation/Http/Kernel::dispatchToRouter():197}()
#40 D:/Spencer/Downloads/tara-admin/vendor/laravel/framework/src/Illuminate/Foundation/Http/Middleware/TransformsRequest.php(21): Illuminate/Pipeline/Pipeline->{closure:Illuminate/Pipeline/Pipeline::prepareDestination():178}()
#41 D:/Spencer/Downloads/tara-admin/vendor/laravel/framework/src/Illuminate/Foundation/Http/Middleware/ConvertEmptyStringsToNull.php(31): Illuminate/Foundation/Http/Middleware/TransformsRequest->handle()
#42 D:/Spencer/Downloads/tara-admin/vendor/laravel/framework/src/Illuminate/Pipeline/Pipeline.php(219): Illuminate/Foundation/Http/Middleware/ConvertEmptyStringsToNull->handle()
#43 D:/Spencer/Downloads/tara-admin/vendor/laravel/framework/src/Illuminate/Foundation/Http/Middleware/TransformsRequest.php(21): Illuminate/Pipeline/Pipeline->{closure:{closure:Illuminate/Pipeline/Pipeline::carry():194}:195}()
#44 D:/Spencer/Downloads/tara-admin/vendor/laravel/framework/src/Illuminate/Foundation/Http/Middleware/TrimStrings.php(51): Illuminate/Foundation/Http/Middleware/TransformsRequest->handle()
#45 D:/Spencer/Downloads/tara-admin/vendor/laravel/framework/src/Illuminate/Pipeline/Pipeline.php(219): Illuminate/Foundation/Http/Middleware/TrimStrings->handle()
#46 D:/Spencer/Downloads/tara-admin/vendor/laravel/framework/src/Illuminate/Http/Middleware/ValidatePostSize.php(27): Illuminate/Pipeline/Pipeline->{closure:{closure:Illuminate/Pipeline/Pipeline::carry():194}:195}()
#47 D:/Spencer/Downloads/tara-admin/vendor/laravel/framework/src/Illuminate/Pipeline/Pipeline.php(219): Illuminate/Http/Middleware/ValidatePostSize->handle()
#48 D:/Spencer/Downloads/tara-admin/vendor/laravel/framework/src/Illuminate/Foundation/Http/Middleware/PreventRequestsDuringMaintenance.php(110): Illuminate/Pipeline/Pipeline->{closure:{closure:Illuminate/Pipeline/Pipeline::carry():194}:195}()
#49 D:/Spencer/Downloads/tara-admin/vendor/laravel/framework/src/Illuminate/Pipeline/Pipeline.php(219): Illuminate/Foundation/Http/Middleware/PreventRequestsDuringMaintenance->handle()
#50 D:/Spencer/Downloads/tara-admin/vendor/laravel/framework/src/Illuminate/Http/Middleware/HandleCors.php(61): Illuminate/Pipeline/Pipeline->{closure:{closure:Illuminate/Pipeline/Pipeline::carry():194}:195}()
#51 D:/Spencer/Downloads/tara-admin/vendor/laravel/framework/src/Illuminate/Pipeline/Pipeline.php(219): Illuminate/Http/Middleware/HandleCors->handle()
#52 D:/Spencer/Downloads/tara-admin/vendor/laravel/framework/src/Illuminate/Http/Middleware/TrustProxies.php(58): Illuminate/Pipeline/Pipeline->{closure:{closure:Illuminate/Pipeline/Pipeline::carry():194}:195}()
#53 D:/Spencer/Downloads/tara-admin/vendor/laravel/framework/src/Illuminate/Pipeline/Pipeline.php(219): Illuminate/Http/Middleware/TrustProxies->handle()
#54 D:/Spencer/Downloads/tara-admin/vendor/laravel/framework/src/Illuminate/Foundation/Http/Middleware/InvokeDeferredCallbacks.php(22): Illuminate/Pipeline/Pipeline->{closure:{closure:Illuminate/Pipeline/Pipeline::carry():194}:195}()
#55 D:/Spencer/Downloads/tara-admin/vendor/laravel/framework/src/Illuminate/Pipeline/Pipeline.php(219): Illuminate/Foundation/Http/Middleware/InvokeDeferredCallbacks->handle()
#56 D:/Spencer/Downloads/tara-admin/vendor/laravel/framework/src/Illuminate/Http/Middleware/ValidatePathEncoding.php(28): Illuminate/Pipeline/Pipeline->{closure:{closure:Illuminate/Pipeline/Pipeline::carry():194}:195}()
#57 D:/Spencer/Downloads/tara-admin/vendor/laravel/framework/src/Illuminate/Pipeline/Pipeline.php(219): Illuminate/Http/Middleware/ValidatePathEncoding->handle()
#58 D:/Spencer/Downloads/tara-admin/vendor/laravel/framework/src/Illuminate/Pipeline/Pipeline.php(137): Illuminate/Pipeline/Pipeline->{closure:{closure:Illuminate/Pipeline/Pipeline::carry():194}:195}()
#59 D:/Spencer/Downloads/tara-admin/vendor/laravel/framework/src/Illuminate/Foundation/Http/Kernel.php(175): Illuminate/Pipeline/Pipeline->then()
#60 D:/Spencer/Downloads/tara-admin/vendor/laravel/framework/src/Illuminate/Foundation/Http/Kernel.php(144): Illuminate/Foundation/Http/Kernel->sendRequestThroughRouter()
#61 D:/Spencer/Downloads/tara-admin/vendor/laravel/framework/src/Illuminate/Foundation/Application.php(1227): Illuminate/Foundation/Http/Kernel->handle()
#62 D:/Spencer/Downloads/tara-admin/public/index.php(20): Illuminate/Foundation/Application->handleRequest()
#63 D:/Spencer/Downloads/tara-admin/vendor/laravel/framework/src/Illuminate/Foundation/resources/server.php(23): require_once('...')
#64 {main}
"} 
[2026-09-11 07:52:22] local.ERROR: SQLSTATE[42P01]: Undefined table: 7 ERROR:  relation "destinations" does not exist
LINE 1: select count(*) as "aggregate" from "destinations"
                                            ^ (Connection: pgsql, Host: db.knhbkelbapqrnqaozwgb.supabase.co, Port: 5432, Database: postgres, SQL: select count(*) as "aggregate" from "destinations") {"userId":"ce348685-3e11-495d-afa1-1cf2da50182d","exception":"[object] (Illuminate\\Database\\QueryException(code: 42P01): SQLSTATE[42P01]: Undefined table: 7 ERROR:  relation \"destinations\" does not exist
LINE 1: select count(*) as \"aggregate\" from \"destinations\"
                                            ^ (Connection: pgsql, Host: db.knhbkelbapqrnqaozwgb.supabase.co, Port: 5432, Database: postgres, SQL: select count(*) as \"aggregate\" from \"destinations\") at D:/Spencer/Downloads/tara-admin/vendor/laravel/framework/src/Illuminate/Database/Connection.php:857)
[stacktrace]
#0 D:/Spencer/Downloads/tara-admin/vendor/laravel/framework/src/Illuminate/Database/Connection.php(813): Illuminate/Database/Connection->runQueryCallback()
#1 D:/Spencer/Downloads/tara-admin/vendor/laravel/framework/src/Illuminate/Database/Connection.php(426): Illuminate/Database/Connection->run()
#2 D:/Spencer/Downloads/tara-admin/vendor/laravel/framework/src/Illuminate/Database/Query/Builder.php(3573): Illuminate/Database/Connection->select()
#3 D:/Spencer/Downloads/tara-admin/vendor/laravel/framework/src/Illuminate/Database/Query/Builder.php(3557): Illuminate/Database/Query/Builder->runSelect()
#4 D:/Spencer/Downloads/tara-admin/vendor/laravel/framework/src/Illuminate/Database/Query/Builder.php(4073): Illuminate/Database/Query/Builder->get()
#5 D:/Spencer/Downloads/tara-admin/vendor/laravel/framework/src/Illuminate/Database/Query/Builder.php(4001): Illuminate/Database/Query/Builder->aggregate()
#6 D:/Spencer/Downloads/tara-admin/vendor/laravel/framework/src/Illuminate/Database/Eloquent/Builder.php(2281): Illuminate/Database/Query/Builder->count()
#7 D:/Spencer/Downloads/tara-admin/vendor/laravel/framework/src/Illuminate/Support/Traits/ForwardsCalls.php(23): Illuminate/Database/Eloquent/Builder->__call()
#8 D:/Spencer/Downloads/tara-admin/vendor/laravel/framework/src/Illuminate/Database/Eloquent/Model.php(2844): Illuminate/Database/Eloquent/Model->forwardCallTo()
#9 D:/Spencer/Downloads/tara-admin/vendor/laravel/framework/src/Illuminate/Database/Eloquent/Model.php(2860): Illuminate/Database/Eloquent/Model->__call()
#10 D:/Spencer/Downloads/tara-admin/app/Http/Controllers/Admin/DashboardController.php(25): Illuminate/Database/Eloquent/Model::__callStatic()
#11 D:/Spencer/Downloads/tara-admin/vendor/laravel/framework/src/Illuminate/Routing/ControllerDispatcher.php(46): App/Http/Controllers/Admin/DashboardController->index()
#12 D:/Spencer/Downloads/tara-admin/vendor/laravel/framework/src/Illuminate/Routing/Route.php(276): Illuminate/Routing/ControllerDispatcher->dispatch()
#13 D:/Spencer/Downloads/tara-admin/vendor/laravel/framework/src/Illuminate/Routing/Route.php(216): Illuminate/Routing/Route->runController()
#14 D:/Spencer/Downloads/tara-admin/vendor/laravel/framework/src/Illuminate/Routing/Router.php(822): Illuminate/Routing/Route->run()
#15 D:/Spencer/Downloads/tara-admin/vendor/laravel/framework/src/Illuminate/Pipeline/Pipeline.php(180): Illuminate/Routing/Router->{closure:Illuminate/Routing/Router::runRouteWithinStack():821}()
#16 D:/Spencer/Downloads/tara-admin/app/Http/Middleware/EnsureAdminIsAuthenticated.php(23): Illuminate/Pipeline/Pipeline->{closure:Illuminate/Pipeline/Pipeline::prepareDestination():178}()
#17 D:/Spencer/Downloads/tara-admin/vendor/laravel/framework/src/Illuminate/Pipeline/Pipeline.php(219): App/Http/Middleware/EnsureAdminIsAuthenticated->handle()
#18 D:/Spencer/Downloads/tara-admin/vendor/laravel/framework/src/Illuminate/Routing/Middleware/SubstituteBindings.php(52): Illuminate/Pipeline/Pipeline->{closure:{closure:Illuminate/Pipeline/Pipeline::carry():194}:195}()
#19 D:/Spencer/Downloads/tara-admin/vendor/laravel/framework/src/Illuminate/Pipeline/Pipeline.php(219): Illuminate/Routing/Middleware/SubstituteBindings->handle()
#20 D:/Spencer/Downloads/tara-admin/vendor/laravel/framework/src/Illuminate/Foundation/Http/Middleware/PreventRequestForgery.php(104): Illuminate/Pipeline/Pipeline->{closure:{closure:Illuminate/Pipeline/Pipeline::carry():194}:195}()
#21 D:/Spencer/Downloads/tara-admin/vendor/laravel/framework/src/Illuminate/Pipeline/Pipeline.php(219): Illuminate/Foundation/Http/Middleware/PreventRequestForgery->handle()
#22 D:/Spencer/Downloads/tara-admin/vendor/laravel/framework/src/Illuminate/View/Middleware/ShareErrorsFromSession.php(48): Illuminate/Pipeline/Pipeline->{closure:{closure:Illuminate/Pipeline/Pipeline::carry():194}:195}()
#23 D:/Spencer/Downloads/tara-admin/vendor/laravel/framework/src/Illuminate/Pipeline/Pipeline.php(219): Illuminate/View/Middleware/ShareErrorsFromSession->handle()
#24 D:/Spencer/Downloads/tara-admin/vendor/laravel/framework/src/Illuminate/Session/Middleware/StartSession.php(120): Illuminate/Pipeline/Pipeline->{closure:{closure:Illuminate/Pipeline/Pipeline::carry():194}:195}()
#25 D:/Spencer/Downloads/tara-admin/vendor/laravel/framework/src/Illuminate/Session/Middleware/StartSession.php(63): Illuminate/Session/Middleware/StartSession->handleStatefulRequest()
#26 D:/Spencer/Downloads/tara-admin/vendor/laravel/framework/src/Illuminate/Pipeline/Pipeline.php(219): Illuminate/Session/Middleware/StartSession->handle()
#27 D:/Spencer/Downloads/tara-admin/vendor/laravel/framework/src/Illuminate/Cookie/Middleware/AddQueuedCookiesToResponse.php(36): Illuminate/Pipeline/Pipeline->{closure:{closure:Illuminate/Pipeline/Pipeline::carry():194}:195}()
#28 D:/Spencer/Downloads/tara-admin/vendor/laravel/framework/src/Illuminate/Pipeline/Pipeline.php(219): Illuminate/Cookie/Middleware/AddQueuedCookiesToResponse->handle()
#29 D:/Spencer/Downloads/tara-admin/vendor/laravel/framework/src/Illuminate/Cookie/Middleware/EncryptCookies.php(74): Illuminate/Pipeline/Pipeline->{closure:{closure:Illuminate/Pipeline/Pipeline::carry():194}:195}()
#30 D:/Spencer/Downloads/tara-admin/vendor/laravel/framework/src/Illuminate/Pipeline/Pipeline.php(219): Illuminate/Cookie/Middleware/EncryptCookies->handle()
#31 D:/Spencer/Downloads/tara-admin/vendor/laravel/framework/src/Illuminate/Pipeline/Pipeline.php(137): Illuminate/Pipeline/Pipeline->{closure:{closure:Illuminate/Pipeline/Pipeline::carry():194}:195}()
#32 D:/Spencer/Downloads/tara-admin/vendor/laravel/framework/src/Illuminate/Routing/Router.php(821): Illuminate/Pipeline/Pipeline->then()
#33 D:/Spencer/Downloads/tara-admin/vendor/laravel/framework/src/Illuminate/Routing/Router.php(800): Illuminate/Routing/Router->runRouteWithinStack()
#34 D:/Spencer/Downloads/tara-admin/vendor/laravel/framework/src/Illuminate/Routing/Router.php(764): Illuminate/Routing/Router->runRoute()
#35 D:/Spencer/Downloads/tara-admin/vendor/laravel/framework/src/Illuminate/Routing/Router.php(753): Illuminate/Routing/Router->dispatchToRoute()
#36 D:/Spencer/Downloads/tara-admin/vendor/laravel/framework/src/Illuminate/Foundation/Http/Kernel.php(200): Illuminate/Routing/Router->dispatch()
#37 D:/Spencer/Downloads/tara-admin/vendor/laravel/framework/src/Illuminate/Pipeline/Pipeline.php(180): Illuminate/Foundation/Http/Kernel->{closure:Illuminate/Foundation/Http/Kernel::dispatchToRouter():197}()
#38 D:/Spencer/Downloads/tara-admin/vendor/laravel/framework/src/Illuminate/Foundation/Http/Middleware/TransformsRequest.php(21): Illuminate/Pipeline/Pipeline->{closure:Illuminate/Pipeline/Pipeline::prepareDestination():178}()
#39 D:/Spencer/Downloads/tara-admin/vendor/laravel/framework/src/Illuminate/Foundation/Http/Middleware/ConvertEmptyStringsToNull.php(31): Illuminate/Foundation/Http/Middleware/TransformsRequest->handle()
#40 D:/Spencer/Downloads/tara-admin/vendor/laravel/framework/src/Illuminate/Pipeline/Pipeline.php(219): Illuminate/Foundation/Http/Middleware/ConvertEmptyStringsToNull->handle()
#41 D:/Spencer/Downloads/tara-admin/vendor/laravel/framework/src/Illuminate/Foundation/Http/Middleware/TransformsRequest.php(21): Illuminate/Pipeline/Pipeline->{closure:{closure:Illuminate/Pipeline/Pipeline::carry():194}:195}()
#42 D:/Spencer/Downloads/tara-admin/vendor/laravel/framework/src/Illuminate/Foundation/Http/Middleware/TrimStrings.php(51): Illuminate/Foundation/Http/Middleware/TransformsRequest->handle()
#43 D:/Spencer/Downloads/tara-admin/vendor/laravel/framework/src/Illuminate/Pipeline/Pipeline.php(219): Illuminate/Foundation/Http/Middleware/TrimStrings->handle()
#44 D:/Spencer/Downloads/tara-admin/vendor/laravel/framework/src/Illuminate/Http/Middleware/ValidatePostSize.php(27): Illuminate/Pipeline/Pipeline->{closure:{closure:Illuminate/Pipeline/Pipeline::carry():194}:195}()
#45 D:/Spencer/Downloads/tara-admin/vendor/laravel/framework/src/Illuminate/Pipeline/Pipeline.php(219): Illuminate/Http/Middleware/ValidatePostSize->handle()
#46 D:/Spencer/Downloads/tara-admin/vendor/laravel/framework/src/Illuminate/Foundation/Http/Middleware/PreventRequestsDuringMaintenance.php(110): Illuminate/Pipeline/Pipeline->{closure:{closure:Illuminate/Pipeline/Pipeline::carry():194}:195}()
#47 D:/Spencer/Downloads/tara-admin/vendor/laravel/framework/src/Illuminate/Pipeline/Pipeline.php(219): Illuminate/Foundation/Http/Middleware/PreventRequestsDuringMaintenance->handle()
#48 D:/Spencer/Downloads/tara-admin/vendor/laravel/framework/src/Illuminate/Http/Middleware/HandleCors.php(61): Illuminate/Pipeline/Pipeline->{closure:{closure:Illuminate/Pipeline/Pipeline::carry():194}:195}()
#49 D:/Spencer/Downloads/tara-admin/vendor/laravel/framework/src/Illuminate/Pipeline/Pipeline.php(219): Illuminate/Http/Middleware/HandleCors->handle()
#50 D:/Spencer/Downloads/tara-admin/vendor/laravel/framework/src/Illuminate/Http/Middleware/TrustProxies.php(58): Illuminate/Pipeline/Pipeline->{closure:{closure:Illuminate/Pipeline/Pipeline::carry():194}:195}()
#51 D:/Spencer/Downloads/tara-admin/vendor/laravel/framework/src/Illuminate/Pipeline/Pipeline.php(219): Illuminate/Http/Middleware/TrustProxies->handle()
#52 D:/Spencer/Downloads/tara-admin/vendor/laravel/framework/src/Illuminate/Foundation/Http/Middleware/InvokeDeferredCallbacks.php(22): Illuminate/Pipeline/Pipeline->{closure:{closure:Illuminate/Pipeline/Pipeline::carry():194}:195}()
#53 D:/Spencer/Downloads/tara-admin/vendor/laravel/framework/src/Illuminate/Pipeline/Pipeline.php(219): Illuminate/Foundation/Http/Middleware/InvokeDeferredCallbacks->handle()
#54 D:/Spencer/Downloads/tara-admin/vendor/laravel/framework/src/Illuminate/Http/Middleware/ValidatePathEncoding.php(28): Illuminate/Pipeline/Pipeline->{closure:{closure:Illuminate/Pipeline/Pipeline::carry():194}:195}()
#55 D:/Spencer/Downloads/tara-admin/vendor/laravel/framework/src/Illuminate/Pipeline/Pipeline.php(219): Illuminate/Http/Middleware/ValidatePathEncoding->handle()
#56 D:/Spencer/Downloads/tara-admin/vendor/laravel/framework/src/Illuminate/Pipeline/Pipeline.php(137): Illuminate/Pipeline/Pipeline->{closure:{closure:Illuminate/Pipeline/Pipeline::carry():194}:195}()
#57 D:/Spencer/Downloads/tara-admin/vendor/laravel/framework/src/Illuminate/Foundation/Http/Kernel.php(175): Illuminate/Pipeline/Pipeline->then()
#58 D:/Spencer/Downloads/tara-admin/vendor/laravel/framework/src/Illuminate/Foundation/Http/Kernel.php(144): Illuminate/Foundation/Http/Kernel->sendRequestThroughRouter()
#59 D:/Spencer/Downloads/tara-admin/vendor/laravel/framework/src/Illuminate/Foundation/Application.php(1227): Illuminate/Foundation/Http/Kernel->handle()
#60 D:/Spencer/Downloads/tara-admin/public/index.php(20): Illuminate/Foundation/Application->handleRequest()
#61 D:/Spencer/Downloads/tara-admin/vendor/laravel/framework/src/Illuminate/Foundation/resources/server.php(23): require_once('...')
#62 {main}

[previous exception] [object] (PDOException(code: 42P01): SQLSTATE[42P01]: Undefined table: 7 ERROR:  relation \"destinations\" does not exist
LINE 1: select count(*) as \"aggregate\" from \"destinations\"
                                            ^ at D:/Spencer/Downloads/tara-admin/vendor/laravel/framework/src/Illuminate/Database/Connection.php:440)
[stacktrace]
#0 D:/Spencer/Downloads/tara-admin/vendor/laravel/framework/src/Illuminate/Database/Connection.php(440): PDOStatement->execute()
#1 D:/Spencer/Downloads/tara-admin/vendor/laravel/framework/src/Illuminate/Database/Connection.php(846): Illuminate/Database/Connection->{closure:Illuminate/Database/Connection::select():426}()
#2 D:/Spencer/Downloads/tara-admin/vendor/laravel/framework/src/Illuminate/Database/Connection.php(813): Illuminate/Database/Connection->runQueryCallback()
#3 D:/Spencer/Downloads/tara-admin/vendor/laravel/framework/src/Illuminate/Database/Connection.php(426): Illuminate/Database/Connection->run()
#4 D:/Spencer/Downloads/tara-admin/vendor/laravel/framework/src/Illuminate/Database/Query/Builder.php(3573): Illuminate/Database/Connection->select()
#5 D:/Spencer/Downloads/tara-admin/vendor/laravel/framework/src/Illuminate/Database/Query/Builder.php(3557): Illuminate/Database/Query/Builder->runSelect()
#6 D:/Spencer/Downloads/tara-admin/vendor/laravel/framework/src/Illuminate/Database/Query/Builder.php(4073): Illuminate/Database/Query/Builder->get()
#7 D:/Spencer/Downloads/tara-admin/vendor/laravel/framework/src/Illuminate/Database/Query/Builder.php(4001): Illuminate/Database/Query/Builder->aggregate()
#8 D:/Spencer/Downloads/tara-admin/vendor/laravel/framework/src/Illuminate/Database/Eloquent/Builder.php(2281): Illuminate/Database/Query/Builder->count()
#9 D:/Spencer/Downloads/tara-admin/vendor/laravel/framework/src/Illuminate/Support/Traits/ForwardsCalls.php(23): Illuminate/Database/Eloquent/Builder->__call()
#10 D:/Spencer/Downloads/tara-admin/vendor/laravel/framework/src/Illuminate/Database/Eloquent/Model.php(2844): Illuminate/Database/Eloquent/Model->forwardCallTo()
#11 D:/Spencer/Downloads/tara-admin/vendor/laravel/framework/src/Illuminate/Database/Eloquent/Model.php(2860): Illuminate/Database/Eloquent/Model->__call()
#12 D:/Spencer/Downloads/tara-admin/app/Http/Controllers/Admin/DashboardController.php(25): Illuminate/Database/Eloquent/Model::__callStatic()
#13 D:/Spencer/Downloads/tara-admin/vendor/laravel/framework/src/Illuminate/Routing/ControllerDispatcher.php(46): App/Http/Controllers/Admin/DashboardController->index()
#14 D:/Spencer/Downloads/tara-admin/vendor/laravel/framework/src/Illuminate/Routing/Route.php(276): Illuminate/Routing/ControllerDispatcher->dispatch()
#15 D:/Spencer/Downloads/tara-admin/vendor/laravel/framework/src/Illuminate/Routing/Route.php(216): Illuminate/Routing/Route->runController()
#16 D:/Spencer/Downloads/tara-admin/vendor/laravel/framework/src/Illuminate/Routing/Router.php(822): Illuminate/Routing/Route->run()
#17 D:/Spencer/Downloads/tara-admin/vendor/laravel/framework/src/Illuminate/Pipeline/Pipeline.php(180): Illuminate/Routing/Router->{closure:Illuminate/Routing/Router::runRouteWithinStack():821}()
#18 D:/Spencer/Downloads/tara-admin/app/Http/Middleware/EnsureAdminIsAuthenticated.php(23): Illuminate/Pipeline/Pipeline->{closure:Illuminate/Pipeline/Pipeline::prepareDestination():178}()
#19 D:/Spencer/Downloads/tara-admin/vendor/laravel/framework/src/Illuminate/Pipeline/Pipeline.php(219): App/Http/Middleware/EnsureAdminIsAuthenticated->handle()
#20 D:/Spencer/Downloads/tara-admin/vendor/laravel/framework/src/Illuminate/Routing/Middleware/SubstituteBindings.php(52): Illuminate/Pipeline/Pipeline->{closure:{closure:Illuminate/Pipeline/Pipeline::carry():194}:195}()
#21 D:/Spencer/Downloads/tara-admin/vendor/laravel/framework/src/Illuminate/Pipeline/Pipeline.php(219): Illuminate/Routing/Middleware/SubstituteBindings->handle()
#22 D:/Spencer/Downloads/tara-admin/vendor/laravel/framework/src/Illuminate/Foundation/Http/Middleware/PreventRequestForgery.php(104): Illuminate/Pipeline/Pipeline->{closure:{closure:Illuminate/Pipeline/Pipeline::carry():194}:195}()
#23 D:/Spencer/Downloads/tara-admin/vendor/laravel/framework/src/Illuminate/Pipeline/Pipeline.php(219): Illuminate/Foundation/Http/Middleware/PreventRequestForgery->handle()
#24 D:/Spencer/Downloads/tara-admin/vendor/laravel/framework/src/Illuminate/View/Middleware/ShareErrorsFromSession.php(48): Illuminate/Pipeline/Pipeline->{closure:{closure:Illuminate/Pipeline/Pipeline::carry():194}:195}()
#25 D:/Spencer/Downloads/tara-admin/vendor/laravel/framework/src/Illuminate/Pipeline/Pipeline.php(219): Illuminate/View/Middleware/ShareErrorsFromSession->handle()
#26 D:/Spencer/Downloads/tara-admin/vendor/laravel/framework/src/Illuminate/Session/Middleware/StartSession.php(120): Illuminate/Pipeline/Pipeline->{closure:{closure:Illuminate/Pipeline/Pipeline::carry():194}:195}()
#27 D:/Spencer/Downloads/tara-admin/vendor/laravel/framework/src/Illuminate/Session/Middleware/StartSession.php(63): Illuminate/Session/Middleware/StartSession->handleStatefulRequest()
#28 D:/Spencer/Downloads/tara-admin/vendor/laravel/framework/src/Illuminate/Pipeline/Pipeline.php(219): Illuminate/Session/Middleware/StartSession->handle()
#29 D:/Spencer/Downloads/tara-admin/vendor/laravel/framework/src/Illuminate/Cookie/Middleware/AddQueuedCookiesToResponse.php(36): Illuminate/Pipeline/Pipeline->{closure:{closure:Illuminate/Pipeline/Pipeline::carry():194}:195}()
#30 D:/Spencer/Downloads/tara-admin/vendor/laravel/framework/src/Illuminate/Pipeline/Pipeline.php(219): Illuminate/Cookie/Middleware/AddQueuedCookiesToResponse->handle()
#31 D:/Spencer/Downloads/tara-admin/vendor/laravel/framework/src/Illuminate/Cookie/Middleware/EncryptCookies.php(74): Illuminate/Pipeline/Pipeline->{closure:{closure:Illuminate/Pipeline/Pipeline::carry():194}:195}()
#32 D:/Spencer/Downloads/tara-admin/vendor/laravel/framework/src/Illuminate/Pipeline/Pipeline.php(219): Illuminate/Cookie/Middleware/EncryptCookies->handle()
#33 D:/Spencer/Downloads/tara-admin/vendor/laravel/framework/src/Illuminate/Pipeline/Pipeline.php(137): Illuminate/Pipeline/Pipeline->{closure:{closure:Illuminate/Pipeline/Pipeline::carry():194}:195}()
#34 D:/Spencer/Downloads/tara-admin/vendor/laravel/framework/src/Illuminate/Routing/Router.php(821): Illuminate/Pipeline/Pipeline->then()
#35 D:/Spencer/Downloads/tara-admin/vendor/laravel/framework/src/Illuminate/Routing/Router.php(800): Illuminate/Routing/Router->runRouteWithinStack()
#36 D:/Spencer/Downloads/tara-admin/vendor/laravel/framework/src/Illuminate/Routing/Router.php(764): Illuminate/Routing/Router->runRoute()
#37 D:/Spencer/Downloads/tara-admin/vendor/laravel/framework/src/Illuminate/Routing/Router.php(753): Illuminate/Routing/Router->dispatchToRoute()
#38 D:/Spencer/Downloads/tara-admin/vendor/laravel/framework/src/Illuminate/Foundation/Http/Kernel.php(200): Illuminate/Routing/Router->dispatch()
#39 D:/Spencer/Downloads/tara-admin/vendor/laravel/framework/src/Illuminate/Pipeline/Pipeline.php(180): Illuminate/Foundation/Http/Kernel->{closure:Illuminate/Foundation/Http/Kernel::dispatchToRouter():197}()
#40 D:/Spencer/Downloads/tara-admin/vendor/laravel/framework/src/Illuminate/Foundation/Http/Middleware/TransformsRequest.php(21): Illuminate/Pipeline/Pipeline->{closure:Illuminate/Pipeline/Pipeline::prepareDestination():178}()
#41 D:/Spencer/Downloads/tara-admin/vendor/laravel/framework/src/Illuminate/Foundation/Http/Middleware/ConvertEmptyStringsToNull.php(31): Illuminate/Foundation/Http/Middleware/TransformsRequest->handle()
#42 D:/Spencer/Downloads/tara-admin/vendor/laravel/framework/src/Illuminate/Pipeline/Pipeline.php(219): Illuminate/Foundation/Http/Middleware/ConvertEmptyStringsToNull->handle()
#43 D:/Spencer/Downloads/tara-admin/vendor/laravel/framework/src/Illuminate/Foundation/Http/Middleware/TransformsRequest.php(21): Illuminate/Pipeline/Pipeline->{closure:{closure:Illuminate/Pipeline/Pipeline::carry():194}:195}()
#44 D:/Spencer/Downloads/tara-admin/vendor/laravel/framework/src/Illuminate/Foundation/Http/Middleware/TrimStrings.php(51): Illuminate/Foundation/Http/Middleware/TransformsRequest->handle()
#45 D:/Spencer/Downloads/tara-admin/vendor/laravel/framework/src/Illuminate/Pipeline/Pipeline.php(219): Illuminate/Foundation/Http/Middleware/TrimStrings->handle()
#46 D:/Spencer/Downloads/tara-admin/vendor/laravel/framework/src/Illuminate/Http/Middleware/ValidatePostSize.php(27): Illuminate/Pipeline/Pipeline->{closure:{closure:Illuminate/Pipeline/Pipeline::carry():194}:195}()
#47 D:/Spencer/Downloads/tara-admin/vendor/laravel/framework/src/Illuminate/Pipeline/Pipeline.php(219): Illuminate/Http/Middleware/ValidatePostSize->handle()
#48 D:/Spencer/Downloads/tara-admin/vendor/laravel/framework/src/Illuminate/Foundation/Http/Middleware/PreventRequestsDuringMaintenance.php(110): Illuminate/Pipeline/Pipeline->{closure:{closure:Illuminate/Pipeline/Pipeline::carry():194}:195}()
#49 D:/Spencer/Downloads/tara-admin/vendor/laravel/framework/src/Illuminate/Pipeline/Pipeline.php(219): Illuminate/Foundation/Http/Middleware/PreventRequestsDuringMaintenance->handle()
#50 D:/Spencer/Downloads/tara-admin/vendor/laravel/framework/src/Illuminate/Http/Middleware/HandleCors.php(61): Illuminate/Pipeline/Pipeline->{closure:{closure:Illuminate/Pipeline/Pipeline::carry():194}:195}()
#51 D:/Spencer/Downloads/tara-admin/vendor/laravel/framework/src/Illuminate/Pipeline/Pipeline.php(219): Illuminate/Http/Middleware/HandleCors->handle()
#52 D:/Spencer/Downloads/tara-admin/vendor/laravel/framework/src/Illuminate/Http/Middleware/TrustProxies.php(58): Illuminate/Pipeline/Pipeline->{closure:{closure:Illuminate/Pipeline/Pipeline::carry():194}:195}()
#53 D:/Spencer/Downloads/tara-admin/vendor/laravel/framework/src/Illuminate/Pipeline/Pipeline.php(219): Illuminate/Http/Middleware/TrustProxies->handle()
#54 D:/Spencer/Downloads/tara-admin/vendor/laravel/framework/src/Illuminate/Foundation/Http/Middleware/InvokeDeferredCallbacks.php(22): Illuminate/Pipeline/Pipeline->{closure:{closure:Illuminate/Pipeline/Pipeline::carry():194}:195}()
#55 D:/Spencer/Downloads/tara-admin/vendor/laravel/framework/src/Illuminate/Pipeline/Pipeline.php(219): Illuminate/Foundation/Http/Middleware/InvokeDeferredCallbacks->handle()
#56 D:/Spencer/Downloads/tara-admin/vendor/laravel/framework/src/Illuminate/Http/Middleware/ValidatePathEncoding.php(28): Illuminate/Pipeline/Pipeline->{closure:{closure:Illuminate/Pipeline/Pipeline::carry():194}:195}()
#57 D:/Spencer/Downloads/tara-admin/vendor/laravel/framework/src/Illuminate/Pipeline/Pipeline.php(219): Illuminate/Http/Middleware/ValidatePathEncoding->handle()
#58 D:/Spencer/Downloads/tara-admin/vendor/laravel/framework/src/Illuminate/Pipeline/Pipeline.php(137): Illuminate/Pipeline/Pipeline->{closure:{closure:Illuminate/Pipeline/Pipeline::carry():194}:195}()
#59 D:/Spencer/Downloads/tara-admin/vendor/laravel/framework/src/Illuminate/Foundation/Http/Kernel.php(175): Illuminate/Pipeline/Pipeline->then()
#60 D:/Spencer/Downloads/tara-admin/vendor/laravel/framework/src/Illuminate/Foundation/Http/Kernel.php(144): Illuminate/Foundation/Http/Kernel->sendRequestThroughRouter()
#61 D:/Spencer/Downloads/tara-admin/vendor/laravel/framework/src/Illuminate/Foundation/Application.php(1227): Illuminate/Foundation/Http/Kernel->handle()
#62 D:/Spencer/Downloads/tara-admin/public/index.php(20): Illuminate/Foundation/Application->handleRequest()
#63 D:/Spencer/Downloads/tara-admin/vendor/laravel/framework/src/Illuminate/Foundation/resources/server.php(23): require_once('...')
#64 {main}
"} 
[2026-09-11 07:54:06] local.ERROR: SQLSTATE[42P01]: Undefined table: 7 ERROR:  relation "destinations" does not exist
LINE 1: select count(*) as "aggregate" from "destinations"
                                            ^ (Connection: pgsql, Host: db.knhbkelbapqrnqaozwgb.supabase.co, Port: 5432, Database: postgres, SQL: select count(*) as "aggregate" from "destinations") {"userId":"ce348685-3e11-495d-afa1-1cf2da50182d","exception":"[object] (Illuminate\\Database\\QueryException(code: 42P01): SQLSTATE[42P01]: Undefined table: 7 ERROR:  relation \"destinations\" does not exist
LINE 1: select count(*) as \"aggregate\" from \"destinations\"
                                            ^ (Connection: pgsql, Host: db.knhbkelbapqrnqaozwgb.supabase.co, Port: 5432, Database: postgres, SQL: select count(*) as \"aggregate\" from \"destinations\") at D:/Spencer/Downloads/tara-admin/vendor/laravel/framework/src/Illuminate/Database/Connection.php:857)
[stacktrace]
#0 D:/Spencer/Downloads/tara-admin/vendor/laravel/framework/src/Illuminate/Database/Connection.php(813): Illuminate/Database/Connection->runQueryCallback()
#1 D:/Spencer/Downloads/tara-admin/vendor/laravel/framework/src/Illuminate/Database/Connection.php(426): Illuminate/Database/Connection->run()
#2 D:/Spencer/Downloads/tara-admin/vendor/laravel/framework/src/Illuminate/Database/Query/Builder.php(3573): Illuminate/Database/Connection->select()
#3 D:/Spencer/Downloads/tara-admin/vendor/laravel/framework/src/Illuminate/Database/Query/Builder.php(3557): Illuminate/Database/Query/Builder->runSelect()
#4 D:/Spencer/Downloads/tara-admin/vendor/laravel/framework/src/Illuminate/Database/Query/Builder.php(4073): Illuminate/Database/Query/Builder->get()
#5 D:/Spencer/Downloads/tara-admin/vendor/laravel/framework/src/Illuminate/Database/Query/Builder.php(4001): Illuminate/Database/Query/Builder->aggregate()
#6 D:/Spencer/Downloads/tara-admin/vendor/laravel/framework/src/Illuminate/Database/Eloquent/Builder.php(2281): Illuminate/Database/Query/Builder->count()
#7 D:/Spencer/Downloads/tara-admin/vendor/laravel/framework/src/Illuminate/Support/Traits/ForwardsCalls.php(23): Illuminate/Database/Eloquent/Builder->__call()
#8 D:/Spencer/Downloads/tara-admin/vendor/laravel/framework/src/Illuminate/Database/Eloquent/Model.php(2844): Illuminate/Database/Eloquent/Model->forwardCallTo()
#9 D:/Spencer/Downloads/tara-admin/vendor/laravel/framework/src/Illuminate/Database/Eloquent/Model.php(2860): Illuminate/Database/Eloquent/Model->__call()
#10 D:/Spencer/Downloads/tara-admin/app/Http/Controllers/Admin/DashboardController.php(25): Illuminate/Database/Eloquent/Model::__callStatic()
#11 D:/Spencer/Downloads/tara-admin/vendor/laravel/framework/src/Illuminate/Routing/ControllerDispatcher.php(46): App/Http/Controllers/Admin/DashboardController->index()
#12 D:/Spencer/Downloads/tara-admin/vendor/laravel/framework/src/Illuminate/Routing/Route.php(276): Illuminate/Routing/ControllerDispatcher->dispatch()
#13 D:/Spencer/Downloads/tara-admin/vendor/laravel/framework/src/Illuminate/Routing/Route.php(216): Illuminate/Routing/Route->runController()
#14 D:/Spencer/Downloads/tara-admin/vendor/laravel/framework/src/Illuminate/Routing/Router.php(822): Illuminate/Routing/Route->run()
#15 D:/Spencer/Downloads/tara-admin/vendor/laravel/framework/src/Illuminate/Pipeline/Pipeline.php(180): Illuminate/Routing/Router->{closure:Illuminate/Routing/Router::runRouteWithinStack():821}()
#16 D:/Spencer/Downloads/tara-admin/app/Http/Middleware/EnsureAdminIsAuthenticated.php(23): Illuminate/Pipeline/Pipeline->{closure:Illuminate/Pipeline/Pipeline::prepareDestination():178}()
#17 D:/Spencer/Downloads/tara-admin/vendor/laravel/framework/src/Illuminate/Pipeline/Pipeline.php(219): App/Http/Middleware/EnsureAdminIsAuthenticated->handle()
#18 D:/Spencer/Downloads/tara-admin/vendor/laravel/framework/src/Illuminate/Routing/Middleware/SubstituteBindings.php(52): Illuminate/Pipeline/Pipeline->{closure:{closure:Illuminate/Pipeline/Pipeline::carry():194}:195}()
#19 D:/Spencer/Downloads/tara-admin/vendor/laravel/framework/src/Illuminate/Pipeline/Pipeline.php(219): Illuminate/Routing/Middleware/SubstituteBindings->handle()
#20 D:/Spencer/Downloads/tara-admin/vendor/laravel/framework/src/Illuminate/Foundation/Http/Middleware/PreventRequestForgery.php(104): Illuminate/Pipeline/Pipeline->{closure:{closure:Illuminate/Pipeline/Pipeline::carry():194}:195}()
#21 D:/Spencer/Downloads/tara-admin/vendor/laravel/framework/src/Illuminate/Pipeline/Pipeline.php(219): Illuminate/Foundation/Http/Middleware/PreventRequestForgery->handle()
#22 D:/Spencer/Downloads/tara-admin/vendor/laravel/framework/src/Illuminate/View/Middleware/ShareErrorsFromSession.php(48): Illuminate/Pipeline/Pipeline->{closure:{closure:Illuminate/Pipeline/Pipeline::carry():194}:195}()
#23 D:/Spencer/Downloads/tara-admin/vendor/laravel/framework/src/Illuminate/Pipeline/Pipeline.php(219): Illuminate/View/Middleware/ShareErrorsFromSession->handle()
#24 D:/Spencer/Downloads/tara-admin/vendor/laravel/framework/src/Illuminate/Session/Middleware/StartSession.php(120): Illuminate/Pipeline/Pipeline->{closure:{closure:Illuminate/Pipeline/Pipeline::carry():194}:195}()
#25 D:/Spencer/Downloads/tara-admin/vendor/laravel/framework/src/Illuminate/Session/Middleware/StartSession.php(63): Illuminate/Session/Middleware/StartSession->handleStatefulRequest()
#26 D:/Spencer/Downloads/tara-admin/vendor/laravel/framework/src/Illuminate/Pipeline/Pipeline.php(219): Illuminate/Session/Middleware/StartSession->handle()
#27 D:/Spencer/Downloads/tara-admin/vendor/laravel/framework/src/Illuminate/Cookie/Middleware/AddQueuedCookiesToResponse.php(36): Illuminate/Pipeline/Pipeline->{closure:{closure:Illuminate/Pipeline/Pipeline::carry():194}:195}()
#28 D:/Spencer/Downloads/tara-admin/vendor/laravel/framework/src/Illuminate/Pipeline/Pipeline.php(219): Illuminate/Cookie/Middleware/AddQueuedCookiesToResponse->handle()
#29 D:/Spencer/Downloads/tara-admin/vendor/laravel/framework/src/Illuminate/Cookie/Middleware/EncryptCookies.php(74): Illuminate/Pipeline/Pipeline->{closure:{closure:Illuminate/Pipeline/Pipeline::carry():194}:195}()
#30 D:/Spencer/Downloads/tara-admin/vendor/laravel/framework/src/Illuminate/Pipeline/Pipeline.php(219): Illuminate/Cookie/Middleware/EncryptCookies->handle()
#31 D:/Spencer/Downloads/tara-admin/vendor/laravel/framework/src/Illuminate/Pipeline/Pipeline.php(137): Illuminate/Pipeline/Pipeline->{closure:{closure:Illuminate/Pipeline/Pipeline::carry():194}:195}()
#32 D:/Spencer/Downloads/tara-admin/vendor/laravel/framework/src/Illuminate/Routing/Router.php(821): Illuminate/Pipeline/Pipeline->then()
#33 D:/Spencer/Downloads/tara-admin/vendor/laravel/framework/src/Illuminate/Routing/Router.php(800): Illuminate/Routing/Router->runRouteWithinStack()
#34 D:/Spencer/Downloads/tara-admin/vendor/laravel/framework/src/Illuminate/Routing/Router.php(764): Illuminate/Routing/Router->runRoute()
#35 D:/Spencer/Downloads/tara-admin/vendor/laravel/framework/src/Illuminate/Routing/Router.php(753): Illuminate/Routing/Router->dispatchToRoute()
#36 D:/Spencer/Downloads/tara-admin/vendor/laravel/framework/src/Illuminate/Foundation/Http/Kernel.php(200): Illuminate/Routing/Router->dispatch()
#37 D:/Spencer/Downloads/tara-admin/vendor/laravel/framework/src/Illuminate/Pipeline/Pipeline.php(180): Illuminate/Foundation/Http/Kernel->{closure:Illuminate/Foundation/Http/Kernel::dispatchToRouter():197}()
#38 D:/Spencer/Downloads/tara-admin/vendor/laravel/framework/src/Illuminate/Foundation/Http/Middleware/TransformsRequest.php(21): Illuminate/Pipeline/Pipeline->{closure:Illuminate/Pipeline/Pipeline::prepareDestination():178}()
#39 D:/Spencer/Downloads/tara-admin/vendor/laravel/framework/src/Illuminate/Foundation/Http/Middleware/ConvertEmptyStringsToNull.php(31): Illuminate/Foundation/Http/Middleware/TransformsRequest->handle()
#40 D:/Spencer/Downloads/tara-admin/vendor/laravel/framework/src/Illuminate/Pipeline/Pipeline.php(219): Illuminate/Foundation/Http/Middleware/ConvertEmptyStringsToNull->handle()
#41 D:/Spencer/Downloads/tara-admin/vendor/laravel/framework/src/Illuminate/Foundation/Http/Middleware/TransformsRequest.php(21): Illuminate/Pipeline/Pipeline->{closure:{closure:Illuminate/Pipeline/Pipeline::carry():194}:195}()
#42 D:/Spencer/Downloads/tara-admin/vendor/laravel/framework/src/Illuminate/Foundation/Http/Middleware/TrimStrings.php(51): Illuminate/Foundation/Http/Middleware/TransformsRequest->handle()
#43 D:/Spencer/Downloads/tara-admin/vendor/laravel/framework/src/Illuminate/Pipeline/Pipeline.php(219): Illuminate/Foundation/Http/Middleware/TrimStrings->handle()
#44 D:/Spencer/Downloads/tara-admin/vendor/laravel/framework/src/Illuminate/Http/Middleware/ValidatePostSize.php(27): Illuminate/Pipeline/Pipeline->{closure:{closure:Illuminate/Pipeline/Pipeline::carry():194}:195}()
#45 D:/Spencer/Downloads/tara-admin/vendor/laravel/framework/src/Illuminate/Pipeline/Pipeline.php(219): Illuminate/Http/Middleware/ValidatePostSize->handle()
#46 D:/Spencer/Downloads/tara-admin/vendor/laravel/framework/src/Illuminate/Foundation/Http/Middleware/PreventRequestsDuringMaintenance.php(110): Illuminate/Pipeline/Pipeline->{closure:{closure:Illuminate/Pipeline/Pipeline::carry():194}:195}()
#47 D:/Spencer/Downloads/tara-admin/vendor/laravel/framework/src/Illuminate/Pipeline/Pipeline.php(219): Illuminate/Foundation/Http/Middleware/PreventRequestsDuringMaintenance->handle()
#48 D:/Spencer/Downloads/tara-admin/vendor/laravel/framework/src/Illuminate/Http/Middleware/HandleCors.php(61): Illuminate/Pipeline/Pipeline->{closure:{closure:Illuminate/Pipeline/Pipeline::carry():194}:195}()
#49 D:/Spencer/Downloads/tara-admin/vendor/laravel/framework/src/Illuminate/Pipeline/Pipeline.php(219): Illuminate/Http/Middleware/HandleCors->handle()
#50 D:/Spencer/Downloads/tara-admin/vendor/laravel/framework/src/Illuminate/Http/Middleware/TrustProxies.php(58): Illuminate/Pipeline/Pipeline->{closure:{closure:Illuminate/Pipeline/Pipeline::carry():194}:195}()
#51 D:/Spencer/Downloads/tara-admin/vendor/laravel/framework/src/Illuminate/Pipeline/Pipeline.php(219): Illuminate/Http/Middleware/TrustProxies->handle()
#52 D:/Spencer/Downloads/tara-admin/vendor/laravel/framework/src/Illuminate/Foundation/Http/Middleware/InvokeDeferredCallbacks.php(22): Illuminate/Pipeline/Pipeline->{closure:{closure:Illuminate/Pipeline/Pipeline::carry():194}:195}()
#53 D:/Spencer/Downloads/tara-admin/vendor/laravel/framework/src/Illuminate/Pipeline/Pipeline.php(219): Illuminate/Foundation/Http/Middleware/InvokeDeferredCallbacks->handle()
#54 D:/Spencer/Downloads/tara-admin/vendor/laravel/framework/src/Illuminate/Http/Middleware/ValidatePathEncoding.php(28): Illuminate/Pipeline/Pipeline->{closure:{closure:Illuminate/Pipeline/Pipeline::carry():194}:195}()
#55 D:/Spencer/Downloads/tara-admin/vendor/laravel/framework/src/Illuminate/Pipeline/Pipeline.php(219): Illuminate/Http/Middleware/ValidatePathEncoding->handle()
#56 D:/Spencer/Downloads/tara-admin/vendor/laravel/framework/src/Illuminate/Pipeline/Pipeline.php(137): Illuminate/Pipeline/Pipeline->{closure:{closure:Illuminate/Pipeline/Pipeline::carry():194}:195}()
#57 D:/Spencer/Downloads/tara-admin/vendor/laravel/framework/src/Illuminate/Foundation/Http/Kernel.php(175): Illuminate/Pipeline/Pipeline->then()
#58 D:/Spencer/Downloads/tara-admin/vendor/laravel/framework/src/Illuminate/Foundation/Http/Kernel.php(144): Illuminate/Foundation/Http/Kernel->sendRequestThroughRouter()
#59 D:/Spencer/Downloads/tara-admin/vendor/laravel/framework/src/Illuminate/Foundation/Application.php(1227): Illuminate/Foundation/Http/Kernel->handle()
#60 D:/Spencer/Downloads/tara-admin/public/index.php(20): Illuminate/Foundation/Application->handleRequest()
#61 D:/Spencer/Downloads/tara-admin/vendor/laravel/framework/src/Illuminate/Foundation/resources/server.php(23): require_once('...')
#62 {main}

[previous exception] [object] (PDOException(code: 42P01): SQLSTATE[42P01]: Undefined table: 7 ERROR:  relation \"destinations\" does not exist
LINE 1: select count(*) as \"aggregate\" from \"destinations\"
                                            ^ at D:/Spencer/Downloads/tara-admin/vendor/laravel/framework/src/Illuminate/Database/Connection.php:440)
[stacktrace]
#0 D:/Spencer/Downloads/tara-admin/vendor/laravel/framework/src/Illuminate/Database/Connection.php(440): PDOStatement->execute()
#1 D:/Spencer/Downloads/tara-admin/vendor/laravel/framework/src/Illuminate/Database/Connection.php(846): Illuminate/Database/Connection->{closure:Illuminate/Database/Connection::select():426}()
#2 D:/Spencer/Downloads/tara-admin/vendor/laravel/framework/src/Illuminate/Database/Connection.php(813): Illuminate/Database/Connection->runQueryCallback()
#3 D:/Spencer/Downloads/tara-admin/vendor/laravel/framework/src/Illuminate/Database/Connection.php(426): Illuminate/Database/Connection->run()
#4 D:/Spencer/Downloads/tara-admin/vendor/laravel/framework/src/Illuminate/Database/Query/Builder.php(3573): Illuminate/Database/Connection->select()
#5 D:/Spencer/Downloads/tara-admin/vendor/laravel/framework/src/Illuminate/Database/Query/Builder.php(3557): Illuminate/Database/Query/Builder->runSelect()
#6 D:/Spencer/Downloads/tara-admin/vendor/laravel/framework/src/Illuminate/Database/Query/Builder.php(4073): Illuminate/Database/Query/Builder->get()
#7 D:/Spencer/Downloads/tara-admin/vendor/laravel/framework/src/Illuminate/Database/Query/Builder.php(4001): Illuminate/Database/Query/Builder->aggregate()
#8 D:/Spencer/Downloads/tara-admin/vendor/laravel/framework/src/Illuminate/Database/Eloquent/Builder.php(2281): Illuminate/Database/Query/Builder->count()
#9 D:/Spencer/Downloads/tara-admin/vendor/laravel/framework/src/Illuminate/Support/Traits/ForwardsCalls.php(23): Illuminate/Database/Eloquent/Builder->__call()
#10 D:/Spencer/Downloads/tara-admin/vendor/laravel/framework/src/Illuminate/Database/Eloquent/Model.php(2844): Illuminate/Database/Eloquent/Model->forwardCallTo()
#11 D:/Spencer/Downloads/tara-admin/vendor/laravel/framework/src/Illuminate/Database/Eloquent/Model.php(2860): Illuminate/Database/Eloquent/Model->__call()
#12 D:/Spencer/Downloads/tara-admin/app/Http/Controllers/Admin/DashboardController.php(25): Illuminate/Database/Eloquent/Model::__callStatic()
#13 D:/Spencer/Downloads/tara-admin/vendor/laravel/framework/src/Illuminate/Routing/ControllerDispatcher.php(46): App/Http/Controllers/Admin/DashboardController->index()
#14 D:/Spencer/Downloads/tara-admin/vendor/laravel/framework/src/Illuminate/Routing/Route.php(276): Illuminate/Routing/ControllerDispatcher->dispatch()
#15 D:/Spencer/Downloads/tara-admin/vendor/laravel/framework/src/Illuminate/Routing/Route.php(216): Illuminate/Routing/Route->runController()
#16 D:/Spencer/Downloads/tara-admin/vendor/laravel/framework/src/Illuminate/Routing/Router.php(822): Illuminate/Routing/Route->run()
#17 D:/Spencer/Downloads/tara-admin/vendor/laravel/framework/src/Illuminate/Pipeline/Pipeline.php(180): Illuminate/Routing/Router->{closure:Illuminate/Routing/Router::runRouteWithinStack():821}()
#18 D:/Spencer/Downloads/tara-admin/app/Http/Middleware/EnsureAdminIsAuthenticated.php(23): Illuminate/Pipeline/Pipeline->{closure:Illuminate/Pipeline/Pipeline::prepareDestination():178}()
#19 D:/Spencer/Downloads/tara-admin/vendor/laravel/framework/src/Illuminate/Pipeline/Pipeline.php(219): App/Http/Middleware/EnsureAdminIsAuthenticated->handle()
#20 D:/Spencer/Downloads/tara-admin/vendor/laravel/framework/src/Illuminate/Routing/Middleware/SubstituteBindings.php(52): Illuminate/Pipeline/Pipeline->{closure:{closure:Illuminate/Pipeline/Pipeline::carry():194}:195}()
#21 D:/Spencer/Downloads/tara-admin/vendor/laravel/framework/src/Illuminate/Pipeline/Pipeline.php(219): Illuminate/Routing/Middleware/SubstituteBindings->handle()
#22 D:/Spencer/Downloads/tara-admin/vendor/laravel/framework/src/Illuminate/Foundation/Http/Middleware/PreventRequestForgery.php(104): Illuminate/Pipeline/Pipeline->{closure:{closure:Illuminate/Pipeline/Pipeline::carry():194}:195}()
#23 D:/Spencer/Downloads/tara-admin/vendor/laravel/framework/src/Illuminate/Pipeline/Pipeline.php(219): Illuminate/Foundation/Http/Middleware/PreventRequestForgery->handle()
#24 D:/Spencer/Downloads/tara-admin/vendor/laravel/framework/src/Illuminate/View/Middleware/ShareErrorsFromSession.php(48): Illuminate/Pipeline/Pipeline->{closure:{closure:Illuminate/Pipeline/Pipeline::carry():194}:195}()
#25 D:/Spencer/Downloads/tara-admin/vendor/laravel/framework/src/Illuminate/Pipeline/Pipeline.php(219): Illuminate/View/Middleware/ShareErrorsFromSession->handle()
#26 D:/Spencer/Downloads/tara-admin/vendor/laravel/framework/src/Illuminate/Session/Middleware/StartSession.php(120): Illuminate/Pipeline/Pipeline->{closure:{closure:Illuminate/Pipeline/Pipeline::carry():194}:195}()
#27 D:/Spencer/Downloads/tara-admin/vendor/laravel/framework/src/Illuminate/Session/Middleware/StartSession.php(63): Illuminate/Session/Middleware/StartSession->handleStatefulRequest()
#28 D:/Spencer/Downloads/tara-admin/vendor/laravel/framework/src/Illuminate/Pipeline/Pipeline.php(219): Illuminate/Session/Middleware/StartSession->handle()
#29 D:/Spencer/Downloads/tara-admin/vendor/laravel/framework/src/Illuminate/Cookie/Middleware/AddQueuedCookiesToResponse.php(36): Illuminate/Pipeline/Pipeline->{closure:{closure:Illuminate/Pipeline/Pipeline::carry():194}:195}()
#30 D:/Spencer/Downloads/tara-admin/vendor/laravel/framework/src/Illuminate/Pipeline/Pipeline.php(219): Illuminate/Cookie/Middleware/AddQueuedCookiesToResponse->handle()
#31 D:/Spencer/Downloads/tara-admin/vendor/laravel/framework/src/Illuminate/Cookie/Middleware/EncryptCookies.php(74): Illuminate/Pipeline/Pipeline->{closure:{closure:Illuminate/Pipeline/Pipeline::carry():194}:195}()
#32 D:/Spencer/Downloads/tara-admin/vendor/laravel/framework/src/Illuminate/Pipeline/Pipeline.php(219): Illuminate/Cookie/Middleware/EncryptCookies->handle()
#33 D:/Spencer/Downloads/tara-admin/vendor/laravel/framework/src/Illuminate/Pipeline/Pipeline.php(137): Illuminate/Pipeline/Pipeline->{closure:{closure:Illuminate/Pipeline/Pipeline::carry():194}:195}()
#34 D:/Spencer/Downloads/tara-admin/vendor/laravel/framework/src/Illuminate/Routing/Router.php(821): Illuminate/Pipeline/Pipeline->then()
#35 D:/Spencer/Downloads/tara-admin/vendor/laravel/framework/src/Illuminate/Routing/Router.php(800): Illuminate/Routing/Router->runRouteWithinStack()
#36 D:/Spencer/Downloads/tara-admin/vendor/laravel/framework/src/Illuminate/Routing/Router.php(764): Illuminate/Routing/Router->runRoute()
#37 D:/Spencer/Downloads/tara-admin/vendor/laravel/framework/src/Illuminate/Routing/Router.php(753): Illuminate/Routing/Router->dispatchToRoute()
#38 D:/Spencer/Downloads/tara-admin/vendor/laravel/framework/src/Illuminate/Foundation/Http/Kernel.php(200): Illuminate/Routing/Router->dispatch()
#39 D:/Spencer/Downloads/tara-admin/vendor/laravel/framework/src/Illuminate/Pipeline/Pipeline.php(180): Illuminate/Foundation/Http/Kernel->{closure:Illuminate/Foundation/Http/Kernel::dispatchToRouter():197}()
#40 D:/Spencer/Downloads/tara-admin/vendor/laravel/framework/src/Illuminate/Foundation/Http/Middleware/TransformsRequest.php(21): Illuminate/Pipeline/Pipeline->{closure:Illuminate/Pipeline/Pipeline::prepareDestination():178}()
#41 D:/Spencer/Downloads/tara-admin/vendor/laravel/framework/src/Illuminate/Foundation/Http/Middleware/ConvertEmptyStringsToNull.php(31): Illuminate/Foundation/Http/Middleware/TransformsRequest->handle()
#42 D:/Spencer/Downloads/tara-admin/vendor/laravel/framework/src/Illuminate/Pipeline/Pipeline.php(219): Illuminate/Foundation/Http/Middleware/ConvertEmptyStringsToNull->handle()
#43 D:/Spencer/Downloads/tara-admin/vendor/laravel/framework/src/Illuminate/Foundation/Http/Middleware/TransformsRequest.php(21): Illuminate/Pipeline/Pipeline->{closure:{closure:Illuminate/Pipeline/Pipeline::carry():194}:195}()
#44 D:/Spencer/Downloads/tara-admin/vendor/laravel/framework/src/Illuminate/Foundation/Http/Middleware/TrimStrings.php(51): Illuminate/Foundation/Http/Middleware/TransformsRequest->handle()
#45 D:/Spencer/Downloads/tara-admin/vendor/laravel/framework/src/Illuminate/Pipeline/Pipeline.php(219): Illuminate/Foundation/Http/Middleware/TrimStrings->handle()
#46 D:/Spencer/Downloads/tara-admin/vendor/laravel/framework/src/Illuminate/Http/Middleware/ValidatePostSize.php(27): Illuminate/Pipeline/Pipeline->{closure:{closure:Illuminate/Pipeline/Pipeline::carry():194}:195}()
#47 D:/Spencer/Downloads/tara-admin/vendor/laravel/framework/src/Illuminate/Pipeline/Pipeline.php(219): Illuminate/Http/Middleware/ValidatePostSize->handle()
#48 D:/Spencer/Downloads/tara-admin/vendor/laravel/framework/src/Illuminate/Foundation/Http/Middleware/PreventRequestsDuringMaintenance.php(110): Illuminate/Pipeline/Pipeline->{closure:{closure:Illuminate/Pipeline/Pipeline::carry():194}:195}()
#49 D:/Spencer/Downloads/tara-admin/vendor/laravel/framework/src/Illuminate/Pipeline/Pipeline.php(219): Illuminate/Foundation/Http/Middleware/PreventRequestsDuringMaintenance->handle()
#50 D:/Spencer/Downloads/tara-admin/vendor/laravel/framework/src/Illuminate/Http/Middleware/HandleCors.php(61): Illuminate/Pipeline/Pipeline->{closure:{closure:Illuminate/Pipeline/Pipeline::carry():194}:195}()
#51 D:/Spencer/Downloads/tara-admin/vendor/laravel/framework/src/Illuminate/Pipeline/Pipeline.php(219): Illuminate/Http/Middleware/HandleCors->handle()
#52 D:/Spencer/Downloads/tara-admin/vendor/laravel/framework/src/Illuminate/Http/Middleware/TrustProxies.php(58): Illuminate/Pipeline/Pipeline->{closure:{closure:Illuminate/Pipeline/Pipeline::carry():194}:195}()
#53 D:/Spencer/Downloads/tara-admin/vendor/laravel/framework/src/Illuminate/Pipeline/Pipeline.php(219): Illuminate/Http/Middleware/TrustProxies->handle()
#54 D:/Spencer/Downloads/tara-admin/vendor/laravel/framework/src/Illuminate/Foundation/Http/Middleware/InvokeDeferredCallbacks.php(22): Illuminate/Pipeline/Pipeline->{closure:{closure:Illuminate/Pipeline/Pipeline::carry():194}:195}()
#55 D:/Spencer/Downloads/tara-admin/vendor/laravel/framework/src/Illuminate/Pipeline/Pipeline.php(219): Illuminate/Foundation/Http/Middleware/InvokeDeferredCallbacks->handle()
#56 D:/Spencer/Downloads/tara-admin/vendor/laravel/framework/src/Illuminate/Http/Middleware/ValidatePathEncoding.php(28): Illuminate/Pipeline/Pipeline->{closure:{closure:Illuminate/Pipeline/Pipeline::carry():194}:195}()
#57 D:/Spencer/Downloads/tara-admin/vendor/laravel/framework/src/Illuminate/Pipeline/Pipeline.php(219): Illuminate/Http/Middleware/ValidatePathEncoding->handle()
#58 D:/Spencer/Downloads/tara-admin/vendor/laravel/framework/src/Illuminate/Pipeline/Pipeline.php(137): Illuminate/Pipeline/Pipeline->{closure:{closure:Illuminate/Pipeline/Pipeline::carry():194}:195}()
#59 D:/Spencer/Downloads/tara-admin/vendor/laravel/framework/src/Illuminate/Foundation/Http/Kernel.php(175): Illuminate/Pipeline/Pipeline->then()
#60 D:/Spencer/Downloads/tara-admin/vendor/laravel/framework/src/Illuminate/Foundation/Http/Kernel.php(144): Illuminate/Foundation/Http/Kernel->sendRequestThroughRouter()
#61 D:/Spencer/Downloads/tara-admin/vendor/laravel/framework/src/Illuminate/Foundation/Application.php(1227): Illuminate/Foundation/Http/Kernel->handle()
#62 D:/Spencer/Downloads/tara-admin/public/index.php(20): Illuminate/Foundation/Application->handleRequest()
#63 D:/Spencer/Downloads/tara-admin/vendor/laravel/framework/src/Illuminate/Foundation/resources/server.php(23): require_once('...')
#64 {main}
"} 
